chr.exposure,pos.exposure,effect_allele.exposure,other_allele.exposure,beta.exposure,se.exposure,eaf.exposure,pval.exposure,samplesize.exposure,SNP,exposure,mr_keep.exposure,pval_origin.exposure,id.exposure,data_source.exposure
11,112025306,A,C,0.2039,0.0135,0.7618,1.53e-51,14742,rs5744249,Interleukin-18,TRUE,reported,H0LYVm,textfile
2,32489851,T,C,-0.1857,0.0123,0.3734,1.68e-51,14296,rs385076,Interleukin-18,TRUE,reported,H0LYVm,textfile
5,68682536,A,C,-0.16,0.0267,0.9351,2.07e-09,14744,rs17229943,Interleukin-18,TRUE,reported,H0LYVm,textfile
8,144606172,C,G,-0.0935,0.0157,0.8179,2.59e-09,13657,rs12681624,Interleukin-18,TRUE,reported,H0LYVm,textfile
