id.exposure,id.outcome,outcome,exposure,method,nsnp,b,se,pval,egger_intercept.ple,se.ple,pval.ple,Q.het,Q_df.het,Q_pval.het,IV_list
H0LYVm,f8IGoV,AMD,Interleukin-18,MR Egger,4,-1.12502691437312,0.610335032941898,0.20660598325109,0.175179631422224,0.106414767997163,0.241469682660803,3.20993563993147,3,0.360375909950313,rs12681624; rs17229943; rs385076; rs5744249
H0LYVm,f8IGoV,AMD,Interleukin-18,Inverse variance weighted,4,-0.149677407253885,0.151561081738356,0.32336254201479,NA,NA,NA,NA,NA,NA,rs12681624; rs17229943; rs385076; rs5744249
H0LYVm,f8IGoV,AMD,Interleukin-18,Weighted median,4,-0.215531091542655,0.171313376410732,0.20835193604249,NA,NA,NA,NA,NA,NA,rs12681624; rs17229943; rs385076; rs5744249
H0LYVm,f8IGoV,AMD,Interleukin-18,MR-PRESSO,4,-0.149677407253885,0.151561081738356,0.39617335710548,NA,NA,NA,NA,NA,NA,rs12681624; rs17229943; rs385076; rs5744249
