id.exposure,id.outcome,outcome,exposure,method,nsnp,b,se,pval,egger_intercept.ple,se.ple,pval.ple,Q.het,Q_df.het,Q_pval.het,IV_list
9h56ui,93I3A5,Osteoporosis,PWY.6147..6.hydroxymethyl.dihydropterin.diphosphate.biosynthesis.I,MR Egger,7,0.186867156083961,1.55131339029468,0.908811615597727,-0.0623184205591107,0.138828018046593,0.67229788606758,5.07655470257882,6,0.534032622188708,rs10792007; rs11732083; rs1366290; rs1940600; rs2548882; rs2714053; rs73401412
9h56ui,93I3A5,Osteoporosis,PWY.6147..6.hydroxymethyl.dihydropterin.diphosphate.biosynthesis.I,Inverse variance weighted,7,-0.502939887164844,0.212449614277576,0.0179165977969245,NA,NA,NA,NA,NA,NA,rs10792007; rs11732083; rs1366290; rs1940600; rs2548882; rs2714053; rs73401412
9h56ui,93I3A5,Osteoporosis,PWY.6147..6.hydroxymethyl.dihydropterin.diphosphate.biosynthesis.I,Weighted median,7,-0.560199684661478,0.29308205936846,0.0559520416085441,NA,NA,NA,NA,NA,NA,rs10792007; rs11732083; rs1366290; rs1940600; rs2548882; rs2714053; rs73401412
9h56ui,93I3A5,Osteoporosis,PWY.6147..6.hydroxymethyl.dihydropterin.diphosphate.biosynthesis.I,MR-PRESSO,7,-0.476652926005363,0.173701979633437,0.028748235943033,NA,NA,NA,NA,NA,NA,rs10792007; rs11732083; rs1366290; rs1940600; rs2548882; rs2714053; rs73401412
