id.exposure,id.outcome,outcome,exposure,method,nsnp,b,se,pval,egger_intercept.ple,se.ple,pval.ple,Q.het,Q_df.het,Q_pval.het,IV_list
mMXFep,Omb7aR,Osteoporosis,k__Bacteria.p__Actinobacteria.c__Actinobacteria.o__Coriobacteriales,MR Egger,6,0.860000397929239,1.46937095736216,0.589783440384869,-0.0501039557578491,0.143104552194152,0.743906257934304,2.39415623467132,5,0.792344053599778,rs11652058; rs28806584; rs2907732; rs4234207; rs550057; rs78362376
mMXFep,Omb7aR,Osteoporosis,k__Bacteria.p__Actinobacteria.c__Actinobacteria.o__Coriobacteriales,Inverse variance weighted,6,0.352015651064204,0.232362445213252,0.129787067174033,NA,NA,NA,NA,NA,NA,rs11652058; rs28806584; rs2907732; rs4234207; rs550057; rs78362376
mMXFep,Omb7aR,Osteoporosis,k__Bacteria.p__Actinobacteria.c__Actinobacteria.o__Coriobacteriales,Weighted median,6,0.488936715591726,0.286987245194483,0.0884393978224629,NA,NA,NA,NA,NA,NA,rs11652058; rs28806584; rs2907732; rs4234207; rs550057; rs78362376
mMXFep,Omb7aR,Osteoporosis,k__Bacteria.p__Actinobacteria.c__Actinobacteria.o__Coriobacteriales,MR-PRESSO,6,0.352015651064204,0.160789313017785,0.0801676214566816,NA,NA,NA,NA,NA,NA,rs11652058; rs28806584; rs2907732; rs4234207; rs550057; rs78362376
