id.exposure,id.outcome,outcome,exposure,method,nsnp,b,se,pval,egger_intercept.ple,se.ple,pval.ple,Q.het,Q_df.het,Q_pval.het,IV_list
Fuoj9L,4vdwlv,Osteoporosis,k__Bacteria.p__Bacteroidetes.c__Bacteroidia.o__Bacteroidales.f__Rikenellaceae.g__Alistipes.s__Alistipes_sp_AP11,MR Egger,4,-0.513869842148126,0.75215493586269,0.565006707433883,0.0346820328833698,0.14057266477819,0.828138614039058,1.26344605670221,3,0.737830922120774,rs12022867; rs13333427; rs1553042; rs28450200
Fuoj9L,4vdwlv,Osteoporosis,k__Bacteria.p__Bacteroidetes.c__Bacteroidia.o__Bacteroidales.f__Rikenellaceae.g__Alistipes.s__Alistipes_sp_AP11,Inverse variance weighted,4,-0.33318068374184,0.171395637564702,0.0519042011719065,NA,NA,NA,NA,NA,NA,rs12022867; rs13333427; rs1553042; rs28450200
Fuoj9L,4vdwlv,Osteoporosis,k__Bacteria.p__Bacteroidetes.c__Bacteroidia.o__Bacteroidales.f__Rikenellaceae.g__Alistipes.s__Alistipes_sp_AP11,Weighted median,4,-0.407468716369565,0.202095231216246,0.0437768366971864,NA,NA,NA,NA,NA,NA,rs12022867; rs13333427; rs1553042; rs28450200
Fuoj9L,4vdwlv,Osteoporosis,k__Bacteria.p__Bacteroidetes.c__Bacteroidia.o__Bacteroidales.f__Rikenellaceae.g__Alistipes.s__Alistipes_sp_AP11,MR-PRESSO,4,-0.33318068374184,0.111228860656255,0.0578783274623433,NA,NA,NA,NA,NA,NA,rs12022867; rs13333427; rs1553042; rs28450200
