id.exposure,id.outcome,outcome,exposure,method,nsnp,b,se,pval,egger_intercept.ple,se.ple,pval.ple,Q.het,Q_df.het,Q_pval.het,IV_list
K2FWoN,jnfu8y,Osteoporosis,k__Bacteria.p__Actinobacteria.c__Actinobacteria.o__Bifidobacteriales.f__Bifidobacteriaceae,MR Egger,6,-0.0129259178914812,0.65380368630449,0.985173456069149,-0.0249741841044424,0.0708135619086501,0.74213107450094,2.05253048968711,5,0.841829747965603,rs10455532; rs12657170; rs182549; rs4851317; rs4859454; rs74452406
K2FWoN,jnfu8y,Osteoporosis,k__Bacteria.p__Actinobacteria.c__Actinobacteria.o__Bifidobacteriales.f__Bifidobacteriaceae,Inverse variance weighted,6,-0.231903218945803,0.204787421192043,0.257462317425201,NA,NA,NA,NA,NA,NA,rs10455532; rs12657170; rs182549; rs4851317; rs4859454; rs74452406
K2FWoN,jnfu8y,Osteoporosis,k__Bacteria.p__Actinobacteria.c__Actinobacteria.o__Bifidobacteriales.f__Bifidobacteriaceae,Weighted median,6,-0.164950945967793,0.246741841721716,0.503804073233566,NA,NA,NA,NA,NA,NA,rs10455532; rs12657170; rs182549; rs4851317; rs4859454; rs74452406
K2FWoN,jnfu8y,Osteoporosis,k__Bacteria.p__Actinobacteria.c__Actinobacteria.o__Bifidobacteriales.f__Bifidobacteriaceae,MR-PRESSO,6,-0.231903218945803,0.131208836244877,0.137400697263319,NA,NA,NA,NA,NA,NA,rs10455532; rs12657170; rs182549; rs4851317; rs4859454; rs74452406
