id.exposure,id.outcome,outcome,exposure,method,nsnp,b,se,pval,egger_intercept.ple,se.ple,pval.ple,Q.het,Q_df.het,Q_pval.het,IV_list
RqeB0I,2pgBu4,Osteoporosis,k__Bacteria.p__Actinobacteria,MR Egger,7,-0.496639368762625,0.867706225375697,0.591851974416666,0.0458534657798799,0.0916932074664222,0.63824979179712,4.29567931189708,6,0.636730766765723,rs182549; rs2197344; rs35344390; rs6044857; rs61939486; rs74452406; rs926010
RqeB0I,2pgBu4,Osteoporosis,k__Bacteria.p__Actinobacteria,Inverse variance weighted,7,-0.0740036197030411,0.196580821567273,0.70657947107196,NA,NA,NA,NA,NA,NA,rs182549; rs2197344; rs35344390; rs6044857; rs61939486; rs74452406; rs926010
RqeB0I,2pgBu4,Osteoporosis,k__Bacteria.p__Actinobacteria,Weighted median,7,-0.106654564739201,0.241530577052384,0.658794679942772,NA,NA,NA,NA,NA,NA,rs182549; rs2197344; rs35344390; rs6044857; rs61939486; rs74452406; rs926010
RqeB0I,2pgBu4,Osteoporosis,k__Bacteria.p__Actinobacteria,MR-PRESSO,7,-0.0740036197030411,0.166334158999171,0.671985628503956,NA,NA,NA,NA,NA,NA,rs182549; rs2197344; rs35344390; rs6044857; rs61939486; rs74452406; rs926010
