id.exposure,id.outcome,outcome,exposure,method,nsnp,b,se,pval,egger_intercept.ple,se.ple,pval.ple,Q.het,Q_df.het,Q_pval.het,IV_list
sKrGE1,7F7PDU,Osteoporosis,PWY.5088..L.glutamate.degradation.VIII..to.propanoate.,MR Egger,4,-0.169365838824526,0.420755179955774,0.726242774416244,0.0972755504412918,0.104523914910721,0.450280493532509,1.35981022056903,3,0.714981876414887,rs11732315; rs12028490; rs2127754; rs9927590
sKrGE1,7F7PDU,Osteoporosis,PWY.5088..L.glutamate.degradation.VIII..to.propanoate.,Inverse variance weighted,4,0.201359793825013,0.135470923992251,0.137181521426799,NA,NA,NA,NA,NA,NA,rs11732315; rs12028490; rs2127754; rs9927590
sKrGE1,7F7PDU,Osteoporosis,PWY.5088..L.glutamate.degradation.VIII..to.propanoate.,Weighted median,4,0.144866936083475,0.155305493717372,0.350929986174355,NA,NA,NA,NA,NA,NA,rs11732315; rs12028490; rs2127754; rs9927590
sKrGE1,7F7PDU,Osteoporosis,PWY.5088..L.glutamate.degradation.VIII..to.propanoate.,MR-PRESSO,4,0.201359793825013,0.0912062534292011,0.114342335488998,NA,NA,NA,NA,NA,NA,rs11732315; rs12028490; rs2127754; rs9927590
