id.exposure,id.outcome,outcome,exposure,method,nsnp,b,se,pval,egger_intercept.ple,se.ple,pval.ple,Q.het,Q_df.het,Q_pval.het,IV_list
VwnQIe,ChnDgA,Osteoporosis,PWY.7209..superpathway.of.pyrimidine.ribonucleosides.degradation,MR Egger,9,0.269792617770602,0.8416664938879,0.757911580179038,-0.0438482803771012,0.102080052663381,0.680436545888796,16.3006077201319,8,0.038274104716837,rs10489050; rs11215429; rs11242123; rs1474383; rs261555; rs617079; rs6587723; rs6805759; rs836868
VwnQIe,ChnDgA,Osteoporosis,PWY.7209..superpathway.of.pyrimidine.ribonucleosides.degradation,Inverse variance weighted,9,-0.0771338173440862,0.224450798428928,0.731105159765864,NA,NA,NA,NA,NA,NA,rs10489050; rs11215429; rs11242123; rs1474383; rs261555; rs617079; rs6587723; rs6805759; rs836868
VwnQIe,ChnDgA,Osteoporosis,PWY.7209..superpathway.of.pyrimidine.ribonucleosides.degradation,Weighted median,9,0.0537477436877119,0.228265037530422,0.813850164550878,NA,NA,NA,NA,NA,NA,rs10489050; rs11215429; rs11242123; rs1474383; rs261555; rs617079; rs6587723; rs6805759; rs836868
VwnQIe,ChnDgA,Osteoporosis,PWY.7209..superpathway.of.pyrimidine.ribonucleosides.degradation,MR-PRESSO,8,-0.0771338173440862,0.224450798428928,0.739962523111401,NA,NA,NA,NA,NA,NA,rs10489050; rs11215429; rs11242123; rs1474383; rs261555; rs617079; rs6587723; rs6805759; rs836868
