id.exposure,id.outcome,outcome,exposure,method,nsnp,b,se,pval,egger_intercept.ple,se.ple,pval.ple,Q.het,Q_df.het,Q_pval.het,IV_list
6kes96,wLLPrS,Osteoporosis,k__Bacteria.p__Actinobacteria.c__Actinobacteria.o__Bifidobacteriales.f__Bifidobacteriaceae.g__Bifidobacterium.s__Bifidobacterium_longum,MR Egger,6,-0.565517011876523,0.970860113432045,0.591491425390815,0.0899598567778852,0.114455496263533,0.475825843630535,1.87892732735454,5,0.865631301088565,rs10033190; rs13391731; rs1446585; rs6780177; rs73412051; rs7761703
6kes96,wLLPrS,Osteoporosis,k__Bacteria.p__Actinobacteria.c__Actinobacteria.o__Bifidobacteriales.f__Bifidobacteriaceae.g__Bifidobacterium.s__Bifidobacterium_longum,Inverse variance weighted,6,0.18026203124423,0.20555028544676,0.380501354329326,NA,NA,NA,NA,NA,NA,rs10033190; rs13391731; rs1446585; rs6780177; rs73412051; rs7761703
6kes96,wLLPrS,Osteoporosis,k__Bacteria.p__Actinobacteria.c__Actinobacteria.o__Bifidobacteriales.f__Bifidobacteriaceae.g__Bifidobacterium.s__Bifidobacterium_longum,Weighted median,6,0.162260636626271,0.263498856235259,0.53803143492891,NA,NA,NA,NA,NA,NA,rs10033190; rs13391731; rs1446585; rs6780177; rs73412051; rs7761703
6kes96,wLLPrS,Osteoporosis,k__Bacteria.p__Actinobacteria.c__Actinobacteria.o__Bifidobacteriales.f__Bifidobacteriaceae.g__Bifidobacterium.s__Bifidobacterium_longum,MR-PRESSO,6,0.18026203124423,0.126005085537731,0.211950030737903,NA,NA,NA,NA,NA,NA,rs10033190; rs13391731; rs1446585; rs6780177; rs73412051; rs7761703
