id.exposure,id.outcome,outcome,exposure,method,nsnp,b,se,pval,egger_intercept.ple,se.ple,pval.ple,Q.het,Q_df.het,Q_pval.het,IV_list
PIIDb1,XOy47x,Osteoporosis,k__Bacteria.p__Actinobacteria.c__Actinobacteria.o__Bifidobacteriales,MR Egger,6,-0.0129980719736655,0.654158982043978,0.985098802452788,-0.0249667807847016,0.0708473881448947,0.742320664401819,2.0523341399037,5,0.841857261253258,rs10455532; rs12657170; rs182549; rs4851317; rs4859454; rs74452406
PIIDb1,XOy47x,Osteoporosis,k__Bacteria.p__Actinobacteria.c__Actinobacteria.o__Bifidobacteriales,Inverse variance weighted,6,-0.231936213624169,0.204800879245998,0.257425889032039,NA,NA,NA,NA,NA,NA,rs10455532; rs12657170; rs182549; rs4851317; rs4859454; rs74452406
PIIDb1,XOy47x,Osteoporosis,k__Bacteria.p__Actinobacteria.c__Actinobacteria.o__Bifidobacteriales,Weighted median,6,-0.164960022650436,0.254264704565048,0.516485245267585,NA,NA,NA,NA,NA,NA,rs10455532; rs12657170; rs182549; rs4851317; rs4859454; rs74452406
PIIDb1,XOy47x,Osteoporosis,k__Bacteria.p__Actinobacteria.c__Actinobacteria.o__Bifidobacteriales,MR-PRESSO,6,-0.231936213624169,0.131211182489015,0.137361786338458,NA,NA,NA,NA,NA,NA,rs10455532; rs12657170; rs182549; rs4851317; rs4859454; rs74452406
