id.exposure,id.outcome,outcome,exposure,method,nsnp,b,se,pval,egger_intercept.ple,se.ple,pval.ple,Q.het,Q_df.het,Q_pval.het,IV_list
ITbohK,4Q3T3k,Osteoporosis,ASPASN.PWY..superpathway.of.L.aspartate.and.L.asparagine.biosynthesis,MR Egger,3,-2.07888077262631,3.26110922478087,0.638704925480644,0.191282255195862,0.295730797532279,0.634496921287217,0.513848826894371,2,0.773426672212092,rs113902391; rs2846765; rs9545502
ITbohK,4Q3T3k,Osteoporosis,ASPASN.PWY..superpathway.of.L.aspartate.and.L.asparagine.biosynthesis,Inverse variance weighted,3,0.0197644733030429,0.327745123878261,0.951913197014066,NA,NA,NA,NA,NA,NA,rs113902391; rs2846765; rs9545502
ITbohK,4Q3T3k,Osteoporosis,ASPASN.PWY..superpathway.of.L.aspartate.and.L.asparagine.biosynthesis,Weighted median,3,-0.124373623642976,0.381229682234072,0.744240295069507,NA,NA,NA,NA,NA,NA,rs113902391; rs2846765; rs9545502
ITbohK,4Q3T3k,Osteoporosis,ASPASN.PWY..superpathway.of.L.aspartate.and.L.asparagine.biosynthesis,MR-PRESSO,3,NA,NA,NA,NA,NA,NA,NA,NA,NA,rs113902391; rs2846765; rs9545502
