id.exposure,id.outcome,outcome,exposure,method,nsnp,b,se,pval,egger_intercept.ple,se.ple,pval.ple,Q.het,Q_df.het,Q_pval.het,IV_list
uIQRKJ,SbHnV7,Osteoporosis,k__Bacteria.p__Bacteroidetes.c__Bacteroidia.o__Bacteroidales.f__Rikenellaceae.g__Alistipes,MR Egger,3,0.119047959418105,1.25622672527286,0.939849533566531,0.00568424255130415,0.157702190396339,0.977063506257113,0.0247821332657144,2,0.987685386528753,rs11211406; rs2465506; rs73344869
uIQRKJ,SbHnV7,Osteoporosis,k__Bacteria.p__Bacteroidetes.c__Bacteroidia.o__Bacteroidales.f__Rikenellaceae.g__Alistipes,Inverse variance weighted,3,0.162687471162719,0.335043215269197,0.627270934079429,NA,NA,NA,NA,NA,NA,rs11211406; rs2465506; rs73344869
uIQRKJ,SbHnV7,Osteoporosis,k__Bacteria.p__Bacteroidetes.c__Bacteroidia.o__Bacteroidales.f__Rikenellaceae.g__Alistipes,Weighted median,3,0.196209593815575,0.376476378216256,0.602245760929886,NA,NA,NA,NA,NA,NA,rs11211406; rs2465506; rs73344869
uIQRKJ,SbHnV7,Osteoporosis,k__Bacteria.p__Bacteroidetes.c__Bacteroidia.o__Bacteroidales.f__Rikenellaceae.g__Alistipes,MR-PRESSO,3,NA,NA,NA,NA,NA,NA,NA,NA,NA,rs11211406; rs2465506; rs73344869
