id.exposure,id.outcome,outcome,exposure,method,nsnp,b,se,pval,egger_intercept.ple,se.ple,pval.ple,Q.het,Q_df.het,Q_pval.het,IV_list
WcCZCd,X5cumC,Osteoporosis,PWY.7234..inosine.5..phosphate.biosynthesis.III,MR Egger,6,0.156429889055962,1.75100114346802,0.933108126219422,-0.0251290434554216,0.276298452310199,0.931905609059703,2.98470881621965,5,0.702343420285288,rs112075774; rs117005933; rs1275053; rs35096174; rs79676117; rs928495
WcCZCd,X5cumC,Osteoporosis,PWY.7234..inosine.5..phosphate.biosynthesis.III,Inverse variance weighted,6,-0.00147646398999138,0.227116695533793,0.99481306505561,NA,NA,NA,NA,NA,NA,rs112075774; rs117005933; rs1275053; rs35096174; rs79676117; rs928495
WcCZCd,X5cumC,Osteoporosis,PWY.7234..inosine.5..phosphate.biosynthesis.III,Weighted median,6,-0.116679263234961,0.271851529743784,0.66777611263244,NA,NA,NA,NA,NA,NA,rs112075774; rs117005933; rs1275053; rs35096174; rs79676117; rs928495
WcCZCd,X5cumC,Osteoporosis,PWY.7234..inosine.5..phosphate.biosynthesis.III,MR-PRESSO,6,-0.00147646398999138,0.175474915831228,0.993611990986289,NA,NA,NA,NA,NA,NA,rs112075774; rs117005933; rs1275053; rs35096174; rs79676117; rs928495
