id.exposure,id.outcome,outcome,exposure,method,nsnp,b,se,pval,egger_intercept.ple,se.ple,pval.ple,Q.het,Q_df.het,Q_pval.het,IV_list
joa6g0,smVEgf,Osteoporosis,k__Bacteria.p__Proteobacteria.c__Gammaproteobacteria.o__Enterobacteriales.f__Enterobacteriaceae.g__Escherichia.s__Escherichia_unclassified,MR Egger,5,-0.570404688461967,0.793516341458916,0.52417543955382,0.116564348293357,0.0980087100079024,0.319864926432796,5.08338730159933,4,0.278847956179085,rs10900435; rs115534005; rs12300342; rs12700345; rs2791437
joa6g0,smVEgf,Osteoporosis,k__Bacteria.p__Proteobacteria.c__Gammaproteobacteria.o__Enterobacteriales.f__Enterobacteriaceae.g__Escherichia.s__Escherichia_unclassified,Inverse variance weighted,5,0.338135072123406,0.225578760976693,0.133882246718182,NA,NA,NA,NA,NA,NA,rs10900435; rs115534005; rs12300342; rs12700345; rs2791437
joa6g0,smVEgf,Osteoporosis,k__Bacteria.p__Proteobacteria.c__Gammaproteobacteria.o__Enterobacteriales.f__Enterobacteriaceae.g__Escherichia.s__Escherichia_unclassified,Weighted median,5,0.54795465117889,0.281537780396058,0.0516197074963422,NA,NA,NA,NA,NA,NA,rs10900435; rs115534005; rs12300342; rs12700345; rs2791437
joa6g0,smVEgf,Osteoporosis,k__Bacteria.p__Proteobacteria.c__Gammaproteobacteria.o__Enterobacteriales.f__Enterobacteriaceae.g__Escherichia.s__Escherichia_unclassified,MR-PRESSO,5,0.338135072123406,0.225578760976693,0.208254078186376,NA,NA,NA,NA,NA,NA,rs10900435; rs115534005; rs12300342; rs12700345; rs2791437
