id.exposure,id.outcome,outcome,exposure,method,nsnp,b,se,pval,egger_intercept.ple,se.ple,pval.ple,Q.het,Q_df.het,Q_pval.het,IV_list
5HYFuM,BJy7Sn,Osteoporosis,PWY.6151..S.adenosyl.L.methionine.cycle.I,MR Egger,7,-0.167720157822127,0.776036187771387,0.837431526680793,0.0312233555656182,0.0766543100872467,0.700620739050655,5.30073828169928,6,0.505859429401558,rs12530267; rs1751578; rs2235334; rs2827430; rs62314649; rs6879880; rs7513344
5HYFuM,BJy7Sn,Osteoporosis,PWY.6151..S.adenosyl.L.methionine.cycle.I,Inverse variance weighted,7,0.135658252510035,0.215155393047619,0.528359060314512,NA,NA,NA,NA,NA,NA,rs12530267; rs1751578; rs2235334; rs2827430; rs62314649; rs6879880; rs7513344
5HYFuM,BJy7Sn,Osteoporosis,PWY.6151..S.adenosyl.L.methionine.cycle.I,Weighted median,7,0.083694710019476,0.282209561625642,0.766795303587464,NA,NA,NA,NA,NA,NA,rs12530267; rs1751578; rs2235334; rs2827430; rs62314649; rs6879880; rs7513344
5HYFuM,BJy7Sn,Osteoporosis,PWY.6151..S.adenosyl.L.methionine.cycle.I,MR-PRESSO,7,0.184019146016592,0.183437139263734,0.349186897617956,NA,NA,NA,NA,NA,NA,rs12530267; rs1751578; rs2235334; rs2827430; rs62314649; rs6879880; rs7513344
