id.exposure,id.outcome,outcome,exposure,method,nsnp,b,se,pval,egger_intercept.ple,se.ple,pval.ple,Q.het,Q_df.het,Q_pval.het,IV_list
02j5AF,FIKYD4,Osteoporosis,k__Bacteria.p__Actinobacteria.c__Actinobacteria,MR Egger,7,-0.496537085938298,0.867670825772846,0.591911303347954,0.0458426223069644,0.0916891209137928,0.638312734989411,4.29569153350264,6,0.636729121344923,rs182549; rs2197344; rs35344390; rs6044857; rs61939486; rs74452406; rs926010
02j5AF,FIKYD4,Osteoporosis,k__Bacteria.p__Actinobacteria.c__Actinobacteria,Inverse variance weighted,7,-0.0740007076898096,0.196581562888885,0.706591537080481,NA,NA,NA,NA,NA,NA,rs182549; rs2197344; rs35344390; rs6044857; rs61939486; rs74452406; rs926010
02j5AF,FIKYD4,Osteoporosis,k__Bacteria.p__Actinobacteria.c__Actinobacteria,Weighted median,7,-0.106640574120555,0.234514662260039,0.64930434904315,NA,NA,NA,NA,NA,NA,rs182549; rs2197344; rs35344390; rs6044857; rs61939486; rs74452406; rs926010
02j5AF,FIKYD4,Osteoporosis,k__Bacteria.p__Actinobacteria.c__Actinobacteria,MR-PRESSO,7,-0.0740007076898096,0.166335022877029,0.67199916921114,NA,NA,NA,NA,NA,NA,rs182549; rs2197344; rs35344390; rs6044857; rs61939486; rs74452406; rs926010
