id.exposure,id.outcome,outcome,exposure,method,nsnp,b,se,pval,egger_intercept.ple,se.ple,pval.ple,Q.het,Q_df.het,Q_pval.het,IV_list
ch8Ngg,ft55S2,Osteoporosis,LACTOSECAT.PWY..lactose.and.galactose.degradation.I,MR Egger,8,0.669362849881668,0.651067987330575,0.343552888390459,-0.130020250729107,0.0927048946365474,0.210325954416823,7.35049711517983,7,0.393320550849539,rs118184992; rs17034687; rs191667368; rs4960590; rs507666; rs7147611; rs80205307; rs9982657
ch8Ngg,ft55S2,Osteoporosis,LACTOSECAT.PWY..lactose.and.galactose.degradation.I,Inverse variance weighted,8,-0.205297588194829,0.191620937719646,0.284001538638191,NA,NA,NA,NA,NA,NA,rs118184992; rs17034687; rs191667368; rs4960590; rs507666; rs7147611; rs80205307; rs9982657
ch8Ngg,ft55S2,Osteoporosis,LACTOSECAT.PWY..lactose.and.galactose.degradation.I,Weighted median,8,-0.36016760067412,0.26281294131818,0.170551689982555,NA,NA,NA,NA,NA,NA,rs118184992; rs17034687; rs191667368; rs4960590; rs507666; rs7147611; rs80205307; rs9982657
ch8Ngg,ft55S2,Osteoporosis,LACTOSECAT.PWY..lactose.and.galactose.degradation.I,MR-PRESSO,8,-0.174606226006008,0.174408654009379,0.346078126519353,NA,NA,NA,NA,NA,NA,rs118184992; rs17034687; rs191667368; rs4960590; rs507666; rs7147611; rs80205307; rs9982657
