id.exposure,id.outcome,outcome,exposure,method,nsnp,b,se,pval,egger_intercept.ple,se.ple,pval.ple,Q.het,Q_df.het,Q_pval.het,IV_list
M6vH46,0SBlRU,Osteoporosis,TRPSYN.PWY..L.tryptophan.biosynthesis,MR Egger,4,0.20862937962865,0.947641900772695,0.846178680372674,-0.0871062608445568,0.103878426533472,0.489977975082373,1.76694568381707,3,0.62215420324439,rs17399145; rs1990421; rs2935713; rs62241211
M6vH46,0SBlRU,Osteoporosis,TRPSYN.PWY..L.tryptophan.biosynthesis,Inverse variance weighted,4,-0.547114230731281,0.292838125713307,0.0617180020344678,NA,NA,NA,NA,NA,NA,rs17399145; rs1990421; rs2935713; rs62241211
M6vH46,0SBlRU,Osteoporosis,TRPSYN.PWY..L.tryptophan.biosynthesis,Weighted median,4,-0.576138823516255,0.35226019870342,0.101934006918677,NA,NA,NA,NA,NA,NA,rs17399145; rs1990421; rs2935713; rs62241211
M6vH46,0SBlRU,Osteoporosis,TRPSYN.PWY..L.tryptophan.biosynthesis,MR-PRESSO,4,-0.547114230731281,0.224739075959573,0.0929603231015443,NA,NA,NA,NA,NA,NA,rs17399145; rs1990421; rs2935713; rs62241211
