id.exposure,id.outcome,outcome,exposure,method,nsnp,b,se,pval,egger_intercept.ple,se.ple,pval.ple,Q.het,Q_df.het,Q_pval.het,IV_list
bBHlDu,YcOegG,Osteoporosis,k__Bacteria.p__Actinobacteria.c__Actinobacteria.o__Coriobacteriales.f__Coriobacteriaceae.g__Collinsella.s__Collinsella_aerofaciens,MR Egger,3,1.6989719947421,3.34271022683642,0.700638972844672,-0.138742259326898,0.365787917655417,0.769204597966759,0.365492500071158,2,0.832979497439821,rs386274; rs550057; rs72845940
bBHlDu,YcOegG,Osteoporosis,k__Bacteria.p__Actinobacteria.c__Actinobacteria.o__Coriobacteriales.f__Coriobacteriaceae.g__Collinsella.s__Collinsella_aerofaciens,Inverse variance weighted,3,0.43619088770641,0.299484039918002,0.145261475031188,NA,NA,NA,NA,NA,NA,rs386274; rs550057; rs72845940
bBHlDu,YcOegG,Osteoporosis,k__Bacteria.p__Actinobacteria.c__Actinobacteria.o__Coriobacteriales.f__Coriobacteriaceae.g__Collinsella.s__Collinsella_aerofaciens,Weighted median,3,0.505021341931512,0.372221612316382,0.174852402642089,NA,NA,NA,NA,NA,NA,rs386274; rs550057; rs72845940
bBHlDu,YcOegG,Osteoporosis,k__Bacteria.p__Actinobacteria.c__Actinobacteria.o__Coriobacteriales.f__Coriobacteriaceae.g__Collinsella.s__Collinsella_aerofaciens,MR-PRESSO,3,NA,NA,NA,NA,NA,NA,NA,NA,NA,rs386274; rs550057; rs72845940
