id.exposure,id.outcome,outcome,exposure,method,nsnp,b,se,pval,egger_intercept.ple,se.ple,pval.ple,Q.het,Q_df.het,Q_pval.het,IV_list
Lwbz9G,efddji,Osteoporosis,k__Bacteria.p__Actinobacteria.c__Actinobacteria.o__Coriobacteriales.f__Coriobacteriaceae.g__Collinsella,MR Egger,4,4.96012446644394,3.14813407952081,0.255812919851808,-0.530350372556823,0.345102167688046,0.264155979565979,5.65226464418428,3,0.129809895992434,rs11782083; rs550057; rs6099022; rs7831606
Lwbz9G,efddji,Osteoporosis,k__Bacteria.p__Actinobacteria.c__Actinobacteria.o__Coriobacteriales.f__Coriobacteriaceae.g__Collinsella,Inverse variance weighted,4,0.143454124105539,0.356290025295558,0.687218224487649,NA,NA,NA,NA,NA,NA,rs11782083; rs550057; rs6099022; rs7831606
Lwbz9G,efddji,Osteoporosis,k__Bacteria.p__Actinobacteria.c__Actinobacteria.o__Coriobacteriales.f__Coriobacteriaceae.g__Collinsella,Weighted median,4,0.397637062991141,0.324587064218436,0.220554432310767,NA,NA,NA,NA,NA,NA,rs11782083; rs550057; rs6099022; rs7831606
Lwbz9G,efddji,Osteoporosis,k__Bacteria.p__Actinobacteria.c__Actinobacteria.o__Coriobacteriales.f__Coriobacteriaceae.g__Collinsella,MR-PRESSO,4,0.143454124105539,0.356290025295558,0.714191823383805,NA,NA,NA,NA,NA,NA,rs11782083; rs550057; rs6099022; rs7831606
