id.exposure,id.outcome,outcome,exposure,method,nsnp,b,se,pval,egger_intercept.ple,se.ple,pval.ple,Q.het,Q_df.het,Q_pval.het,IV_list
It0E9E,0w1T2E,Osteoporosis,k__Bacteria.p__Actinobacteria.c__Actinobacteria.o__Coriobacteriales.f__Coriobacteriaceae,MR Egger,6,0.860124980329668,1.46847017112251,0.589512402121788,-0.0501111387133327,0.143010929874654,0.743711927512136,2.39383221550182,5,0.792392270015395,rs11652058; rs28806584; rs2907732; rs4234207; rs550057; rs78362376
It0E9E,0w1T2E,Osteoporosis,k__Bacteria.p__Actinobacteria.c__Actinobacteria.o__Coriobacteriales.f__Coriobacteriaceae,Inverse variance weighted,6,0.352055006197751,0.232372020423791,0.129759985809309,NA,NA,NA,NA,NA,NA,rs11652058; rs28806584; rs2907732; rs4234207; rs550057; rs78362376
It0E9E,0w1T2E,Osteoporosis,k__Bacteria.p__Actinobacteria.c__Actinobacteria.o__Coriobacteriales.f__Coriobacteriaceae,Weighted median,6,0.489038551632769,0.292047911910462,0.0940294676414107,NA,NA,NA,NA,NA,NA,rs11652058; rs28806584; rs2907732; rs4234207; rs550057; rs78362376
It0E9E,0w1T2E,Osteoporosis,k__Bacteria.p__Actinobacteria.c__Actinobacteria.o__Coriobacteriales.f__Coriobacteriaceae,MR-PRESSO,6,0.352055006197751,0.160785057606831,0.080137039570927,NA,NA,NA,NA,NA,NA,rs11652058; rs28806584; rs2907732; rs4234207; rs550057; rs78362376
