id.exposure,id.outcome,outcome,exposure,method,nsnp,b,se,pval,egger_intercept.ple,se.ple,pval.ple,Q.het,Q_df.het,Q_pval.het,IV_list
QLTlgv,hhmibT,Osteoporosis,k__Bacteria.p__Actinobacteria.c__Actinobacteria.o__Bifidobacteriales.f__Bifidobacteriaceae.g__Bifidobacterium.s__Bifidobacterium_adolescentis,MR Egger,8,-0.404462040185994,0.656003936294319,0.560179074156552,0.0603097879012986,0.0731823761730833,0.441402138816659,3.87537759637767,7,0.794014456446607,rs11986537; rs4110696; rs4256405; rs4351047; rs4646215; rs6754311; rs74394156; rs8045380
QLTlgv,hhmibT,Osteoporosis,k__Bacteria.p__Actinobacteria.c__Actinobacteria.o__Bifidobacteriales.f__Bifidobacteriaceae.g__Bifidobacterium.s__Bifidobacterium_adolescentis,Inverse variance weighted,8,0.117372505936248,0.171403921679048,0.493488176150496,NA,NA,NA,NA,NA,NA,rs11986537; rs4110696; rs4256405; rs4351047; rs4646215; rs6754311; rs74394156; rs8045380
QLTlgv,hhmibT,Osteoporosis,k__Bacteria.p__Actinobacteria.c__Actinobacteria.o__Bifidobacteriales.f__Bifidobacteriaceae.g__Bifidobacterium.s__Bifidobacterium_adolescentis,Weighted median,8,-0.0170632339308834,0.215812717368668,0.936980917007527,NA,NA,NA,NA,NA,NA,rs11986537; rs4110696; rs4256405; rs4351047; rs4646215; rs6754311; rs74394156; rs8045380
QLTlgv,hhmibT,Osteoporosis,k__Bacteria.p__Actinobacteria.c__Actinobacteria.o__Bifidobacteriales.f__Bifidobacteriaceae.g__Bifidobacterium.s__Bifidobacterium_adolescentis,MR-PRESSO,8,0.117372505936248,0.127534812021137,0.388022318251062,NA,NA,NA,NA,NA,NA,rs11986537; rs4110696; rs4256405; rs4351047; rs4646215; rs6754311; rs74394156; rs8045380
