id.exposure,id.outcome,outcome,exposure,method,nsnp,b,se,pval,egger_intercept.ple,se.ple,pval.ple,Q.het,Q_df.het,Q_pval.het,IV_list
Pc94Bt,FYvQ9l,Osteoporosis,k__Bacteria.p__Bacteroidetes.c__Bacteroidia.o__Bacteroidales.f__Rikenellaceae,MR Egger,3,0.120677600181598,1.25543261326566,0.938992799429107,0.00553278191841446,0.157151376890905,0.977595970112272,0.0244632317151886,2,0.987842886285746,rs11211406; rs2465506; rs73344869
Pc94Bt,FYvQ9l,Osteoporosis,k__Bacteria.p__Bacteroidetes.c__Bacteroidia.o__Bacteroidales.f__Rikenellaceae,Inverse variance weighted,3,0.163264785969604,0.336005000544085,0.627038160818226,NA,NA,NA,NA,NA,NA,rs11211406; rs2465506; rs73344869
Pc94Bt,FYvQ9l,Osteoporosis,k__Bacteria.p__Bacteroidetes.c__Bacteroidia.o__Bacteroidales.f__Rikenellaceae,Weighted median,3,0.19696031435525,0.391452642457324,0.614857167919667,NA,NA,NA,NA,NA,NA,rs11211406; rs2465506; rs73344869
Pc94Bt,FYvQ9l,Osteoporosis,k__Bacteria.p__Bacteroidetes.c__Bacteroidia.o__Bacteroidales.f__Rikenellaceae,MR-PRESSO,3,NA,NA,NA,NA,NA,NA,NA,NA,NA,rs11211406; rs2465506; rs73344869
