id.exposure,id.outcome,outcome,exposure,method,nsnp,b,se,pval,egger_intercept.ple,se.ple,pval.ple,Q.het,Q_df.het,Q_pval.het,IV_list
fMwOoB,kgEkEX,Osteoporosis,PWY.6612..superpathway.of.tetrahydrofolate.biosynthesis,MR Egger,8,-0.95503157591034,0.742906140878582,0.245990683213799,0.0982009450968533,0.0897752478976082,0.315977869927621,3.25004222400934,7,0.860948243940365,rs1027949; rs10815601; rs1573442; rs17155574; rs17824268; rs2214921; rs4833077; rs6673038
fMwOoB,kgEkEX,Osteoporosis,PWY.6612..superpathway.of.tetrahydrofolate.biosynthesis,Inverse variance weighted,8,-0.161990641958605,0.162135929225774,0.317744353914014,NA,NA,NA,NA,NA,NA,rs1027949; rs10815601; rs1573442; rs17155574; rs17824268; rs2214921; rs4833077; rs6673038
fMwOoB,kgEkEX,Osteoporosis,PWY.6612..superpathway.of.tetrahydrofolate.biosynthesis,Weighted median,8,-0.0788358639251938,0.200047566058164,0.693517846424067,NA,NA,NA,NA,NA,NA,rs1027949; rs10815601; rs1573442; rs17155574; rs17824268; rs2214921; rs4833077; rs6673038
fMwOoB,kgEkEX,Osteoporosis,PWY.6612..superpathway.of.tetrahydrofolate.biosynthesis,MR-PRESSO,8,-0.161990641958605,0.110477731118385,0.186003454090926,NA,NA,NA,NA,NA,NA,rs1027949; rs10815601; rs1573442; rs17155574; rs17824268; rs2214921; rs4833077; rs6673038
