id.exposure,id.outcome,outcome,exposure,method,nsnp,b,se,pval,egger_intercept.ple,se.ple,pval.ple,Q.het,Q_df.het,Q_pval.het,IV_list
5K0U9o,9waNo0,Osteoporosis,PWY.6708..ubiquinol.8.biosynthesis..prokaryotic.,MR Egger,6,-1.06497570184161,0.695097134216812,0.200255487619873,0.180824606686393,0.11810355501219,0.200505499569878,12.6632864636075,5,0.0267469786761411,rs113976504; rs11898768; rs12550124; rs1624064; rs2636908; rs3750879
5K0U9o,9waNo0,Osteoporosis,PWY.6708..ubiquinol.8.biosynthesis..prokaryotic.,Inverse variance weighted,6,-0.0500977074498205,0.235694309159909,0.831675055178538,NA,NA,NA,NA,NA,NA,rs113976504; rs11898768; rs12550124; rs1624064; rs2636908; rs3750879
5K0U9o,9waNo0,Osteoporosis,PWY.6708..ubiquinol.8.biosynthesis..prokaryotic.,Weighted median,6,0.0466060336910873,0.208470849730078,0.823098606751548,NA,NA,NA,NA,NA,NA,rs113976504; rs11898768; rs12550124; rs1624064; rs2636908; rs3750879
5K0U9o,9waNo0,Osteoporosis,PWY.6708..ubiquinol.8.biosynthesis..prokaryotic.,MR-PRESSO,5,-0.0500977074498205,0.235694309159909,0.840068855630739,NA,NA,NA,NA,NA,NA,rs113976504; rs11898768; rs12550124; rs1624064; rs2636908
