id.exposure,id.outcome,outcome,exposure,method,nsnp,b,se,pval,egger_intercept.ple,se.ple,pval.ple,Q.het,Q_df.het,Q_pval.het,IV_list
bMWQrG,OzqPDI,Osteoporosis,GLYCOCAT.PWY..glycogen.degradation.I..bacterial.,MR Egger,5,0.64832089445598,1.23256142701779,0.635297232125642,-0.109433007916499,0.140015467162775,0.491472158518918,5.04773694888215,4,0.282434365510104,rs115001375; rs2056101; rs35296932; rs41474647; rs59657730
bMWQrG,OzqPDI,Osteoporosis,GLYCOCAT.PWY..glycogen.degradation.I..bacterial.,Inverse variance weighted,5,-0.294431893828275,0.240826804021539,0.221485452669052,NA,NA,NA,NA,NA,NA,rs115001375; rs2056101; rs35296932; rs41474647; rs59657730
bMWQrG,OzqPDI,Osteoporosis,GLYCOCAT.PWY..glycogen.degradation.I..bacterial.,Weighted median,5,-0.16439749896229,0.284861688647756,0.563862849708389,NA,NA,NA,NA,NA,NA,rs115001375; rs2056101; rs35296932; rs41474647; rs59657730
bMWQrG,OzqPDI,Osteoporosis,GLYCOCAT.PWY..glycogen.degradation.I..bacterial.,MR-PRESSO,5,-0.294431893828275,0.240826804021539,0.288594779293897,NA,NA,NA,NA,NA,NA,rs115001375; rs2056101; rs35296932; rs41474647; rs59657730
