id.exposure,id.outcome,outcome,exposure,method,nsnp,b,se,pval,egger_intercept.ple,se.ple,pval.ple,Q.het,Q_df.het,Q_pval.het,IV_list
KppUBA,tBOQdJ,Osteoporosis,PYRIDNUCSYN.PWY..NAD.biosynthesis.I..from.aspartate.,MR Egger,8,0.807058511919809,0.822938805853335,0.364612901897432,-0.0824086561134794,0.0956638826095431,0.422082257225114,3.58972747417635,7,0.825632296127425,rs1126742; rs12871823; rs143920868; rs148280750; rs169503; rs74459573; rs8045981; rs9811455
KppUBA,tBOQdJ,Osteoporosis,PYRIDNUCSYN.PWY..NAD.biosynthesis.I..from.aspartate.,Inverse variance weighted,8,0.120294169331471,0.204094887739704,0.555590865259699,NA,NA,NA,NA,NA,NA,rs1126742; rs12871823; rs143920868; rs148280750; rs169503; rs74459573; rs8045981; rs9811455
KppUBA,tBOQdJ,Osteoporosis,PYRIDNUCSYN.PWY..NAD.biosynthesis.I..from.aspartate.,Weighted median,8,0.0588040673473282,0.258883514016093,0.820311078902691,NA,NA,NA,NA,NA,NA,rs1126742; rs12871823; rs143920868; rs148280750; rs169503; rs74459573; rs8045981; rs9811455
KppUBA,tBOQdJ,Osteoporosis,PYRIDNUCSYN.PWY..NAD.biosynthesis.I..from.aspartate.,MR-PRESSO,8,0.120294169331471,0.146155056755084,0.437611569886551,NA,NA,NA,NA,NA,NA,rs1126742; rs12871823; rs143920868; rs148280750; rs169503; rs74459573; rs8045981; rs9811455
