id.exposure,id.outcome,outcome,exposure,method,nsnp,b,se,pval,egger_intercept.ple,se.ple,pval.ple,Q.het,Q_df.het,Q_pval.het,IV_list
evn1Ap,c59NLM,Osteoporosis,k__Bacteria.p__Firmicutes.c__Negativicutes,MR Egger,4,0.863141325927037,1.09516113353248,0.513193225737831,-0.116503694833688,0.138315129316996,0.488286288089982,1.60552907158739,3,0.658136790615043,rs12472147; rs12979658; rs77764206; rs78791321
evn1Ap,c59NLM,Osteoporosis,k__Bacteria.p__Firmicutes.c__Negativicutes,Inverse variance weighted,4,-0.0282234728838393,0.281956266916405,0.920265919227483,NA,NA,NA,NA,NA,NA,rs12472147; rs12979658; rs77764206; rs78791321
evn1Ap,c59NLM,Osteoporosis,k__Bacteria.p__Firmicutes.c__Negativicutes,Weighted median,4,-0.177591818315782,0.335378841153436,0.59644060877021,NA,NA,NA,NA,NA,NA,rs12472147; rs12979658; rs77764206; rs78791321
evn1Ap,c59NLM,Osteoporosis,k__Bacteria.p__Firmicutes.c__Negativicutes,MR-PRESSO,4,-0.0282234728838393,0.206267218148286,0.899831954114267,NA,NA,NA,NA,NA,NA,rs12472147; rs12979658; rs77764206; rs78791321
