id.exposure,id.outcome,outcome,exposure,method,nsnp,b,se,pval,egger_intercept.ple,se.ple,pval.ple,Q.het,Q_df.het,Q_pval.het,IV_list
nJ18jt,xxkdVk,Osteoporosis,PWY.841..superpathway.of.purine.nucleotides.de.novo.biosynthesis.I,MR Egger,5,-2.15487490685497,1.24277189343661,0.181345810404576,0.235917742597811,0.145379101589936,0.203093704666633,3.27204634840936,4,0.513373429347263,rs11588127; rs1584586; rs35698389; rs57187632; rs60748324
nJ18jt,xxkdVk,Osteoporosis,PWY.841..superpathway.of.purine.nucleotides.de.novo.biosynthesis.I,Inverse variance weighted,5,-0.17828429325546,0.246746988385866,0.469963228750464,NA,NA,NA,NA,NA,NA,rs11588127; rs1584586; rs35698389; rs57187632; rs60748324
nJ18jt,xxkdVk,Osteoporosis,PWY.841..superpathway.of.purine.nucleotides.de.novo.biosynthesis.I,Weighted median,5,0.171194679210378,0.324231061025688,0.597497882459916,NA,NA,NA,NA,NA,NA,rs11588127; rs1584586; rs35698389; rs57187632; rs60748324
nJ18jt,xxkdVk,Osteoporosis,PWY.841..superpathway.of.purine.nucleotides.de.novo.biosynthesis.I,MR-PRESSO,5,-0.17828429325546,0.22316782892033,0.469107074152814,NA,NA,NA,NA,NA,NA,rs11588127; rs1584586; rs35698389; rs57187632; rs60748324
