id.exposure,id.outcome,outcome,exposure,method,nsnp,b,se,pval,egger_intercept.ple,se.ple,pval.ple,Q.het,Q_df.het,Q_pval.het,IV_list
6bepM3,hbuYfj,Osteoporosis,k__Bacteria.p__Actinobacteria.c__Actinobacteria.o__Bifidobacteriales.f__Bifidobacteriaceae.g__Bifidobacterium.s__Bifidobacterium_bifidum,MR Egger,10,0.0242700858820848,0.337906552189863,0.9445044795018,0.000150738226100164,0.0694124814619944,0.998320467106672,8.62652347127138,9,0.472438320493976,rs11630244; rs17453521; rs4861647; rs59340188; rs62555927; rs722497; rs7334864; rs849116; rs9525230; rs9848175
6bepM3,hbuYfj,Osteoporosis,k__Bacteria.p__Actinobacteria.c__Actinobacteria.o__Bifidobacteriales.f__Bifidobacteriaceae.g__Bifidobacterium.s__Bifidobacterium_bifidum,Inverse variance weighted,10,0.024971635973075,0.0954200481973956,0.793551048838093,NA,NA,NA,NA,NA,NA,rs11630244; rs17453521; rs4861647; rs59340188; rs62555927; rs722497; rs7334864; rs849116; rs9525230; rs9848175
6bepM3,hbuYfj,Osteoporosis,k__Bacteria.p__Actinobacteria.c__Actinobacteria.o__Bifidobacteriales.f__Bifidobacteriaceae.g__Bifidobacterium.s__Bifidobacterium_bifidum,Weighted median,10,0.0127636744173155,0.128258549257493,0.920729224678439,NA,NA,NA,NA,NA,NA,rs11630244; rs17453521; rs4861647; rs59340188; rs62555927; rs722497; rs7334864; rs849116; rs9525230; rs9848175
6bepM3,hbuYfj,Osteoporosis,k__Bacteria.p__Actinobacteria.c__Actinobacteria.o__Bifidobacteriales.f__Bifidobacteriaceae.g__Bifidobacterium.s__Bifidobacterium_bifidum,MR-PRESSO,10,0.024971635973075,0.0934192295019708,0.795257187705137,NA,NA,NA,NA,NA,NA,rs11630244; rs17453521; rs4861647; rs59340188; rs62555927; rs722497; rs7334864; rs849116; rs9525230; rs9848175
