id.exposure,id.outcome,outcome,exposure,method,nsnp,b,se,pval,egger_intercept.ple,se.ple,pval.ple,Q.het,Q_df.het,Q_pval.het,IV_list
O0BqvD,qYfsNz,Osteoporosis,k__Bacteria.p__Actinobacteria.c__Actinobacteria.o__Bifidobacteriales.f__Bifidobacteriaceae.g__Bifidobacterium,MR Egger,6,0.151832651663696,0.676948878416826,0.833522746272007,-0.0518724085029486,0.076511771536476,0.534985073868348,1.49334092190259,5,0.913836988771025,rs10455532; rs12657170; rs182549; rs4472164; rs4859454; rs74452406
O0BqvD,qYfsNz,Osteoporosis,k__Bacteria.p__Actinobacteria.c__Actinobacteria.o__Bifidobacteriales.f__Bifidobacteriaceae.g__Bifidobacterium,Inverse variance weighted,6,-0.285016621172116,0.207532521729604,0.169640822035907,NA,NA,NA,NA,NA,NA,rs10455532; rs12657170; rs182549; rs4472164; rs4859454; rs74452406
O0BqvD,qYfsNz,Osteoporosis,k__Bacteria.p__Actinobacteria.c__Actinobacteria.o__Bifidobacteriales.f__Bifidobacteriaceae.g__Bifidobacterium,Weighted median,6,-0.198015133576646,0.25099078248556,0.430150648645699,NA,NA,NA,NA,NA,NA,rs10455532; rs12657170; rs182549; rs4472164; rs4859454; rs74452406
O0BqvD,qYfsNz,Osteoporosis,k__Bacteria.p__Actinobacteria.c__Actinobacteria.o__Bifidobacteriales.f__Bifidobacteriaceae.g__Bifidobacterium,MR-PRESSO,6,-0.285016621172116,0.1134176499055,0.0536321984937706,NA,NA,NA,NA,NA,NA,rs10455532; rs12657170; rs182549; rs4472164; rs4859454; rs74452406
