id.exposure,id.outcome,outcome,exposure,method,nsnp,b,se,pval,egger_intercept.ple,se.ple,pval.ple,Q.het,Q_df.het,Q_pval.het,IV_list
ppqL7o,olAWu3,Osteoporosis,PWY_REDCITCYC..TCA.cycle.VIII..helicobacter.,MR Egger,7,-0.304944179534242,0.737400291118702,0.696350288629167,0.0942728131669694,0.113076119741805,0.442437769772623,1.7703650809969,6,0.939560739491012,rs10159356; rs12035973; rs2420153; rs3923652; rs61545203; rs8057488; rs9965721
ppqL7o,olAWu3,Osteoporosis,PWY_REDCITCYC..TCA.cycle.VIII..helicobacter.,Inverse variance weighted,7,0.295623475481759,0.157633614065463,0.0607399863716999,NA,NA,NA,NA,NA,NA,rs10159356; rs12035973; rs2420153; rs3923652; rs61545203; rs8057488; rs9965721
ppqL7o,olAWu3,Osteoporosis,PWY_REDCITCYC..TCA.cycle.VIII..helicobacter.,Weighted median,7,0.285326291104587,0.195031705176998,0.143474525395164,NA,NA,NA,NA,NA,NA,rs10159356; rs12035973; rs2420153; rs3923652; rs61545203; rs8057488; rs9965721
ppqL7o,olAWu3,Osteoporosis,PWY_REDCITCYC..TCA.cycle.VIII..helicobacter.,MR-PRESSO,7,0.295623475481759,0.0856257966232471,0.0135912745781533,NA,NA,NA,NA,NA,NA,rs10159356; rs12035973; rs2420153; rs3923652; rs61545203; rs8057488; rs9965721
