id.exposure,id.outcome,outcome,exposure,method,nsnp,b,se,pval,egger_intercept.ple,se.ple,pval.ple,Q.het,Q_df.het,Q_pval.het,IV_list
q47gor,JJ2MRe,Osteoporosis,PWY.6353..purine.nucleotides.degradation.II..aerobic.,MR Egger,9,-1.69529549998007,0.869116187142606,0.0920865223249195,0.19727058814725,0.0915890269757131,0.0682229539581319,9.82539549339775,8,0.277495428076827,rs10801008; rs12201310; rs12336386; rs132685; rs2137304; rs2895633; rs396769; rs4551833; rs7527876
q47gor,JJ2MRe,Osteoporosis,PWY.6353..purine.nucleotides.degradation.II..aerobic.,Inverse variance weighted,9,0.131837519880155,0.209523171042611,0.529200818787579,NA,NA,NA,NA,NA,NA,rs10801008; rs12201310; rs12336386; rs132685; rs2137304; rs2895633; rs396769; rs4551833; rs7527876
q47gor,JJ2MRe,Osteoporosis,PWY.6353..purine.nucleotides.degradation.II..aerobic.,Weighted median,9,0.321661878227713,0.273289386793864,0.239195111964113,NA,NA,NA,NA,NA,NA,rs10801008; rs12201310; rs12336386; rs132685; rs2137304; rs2895633; rs396769; rs4551833; rs7527876
q47gor,JJ2MRe,Osteoporosis,PWY.6353..purine.nucleotides.degradation.II..aerobic.,MR-PRESSO,9,0.131837519880155,0.209523171042611,0.546744569859736,NA,NA,NA,NA,NA,NA,rs10801008; rs12201310; rs12336386; rs132685; rs2137304; rs2895633; rs396769; rs4551833; rs7527876
