id.exposure,id.outcome,outcome,exposure,method,nsnp,b,se,pval,egger_intercept.ple,se.ple,pval.ple,Q.het,Q_df.het,Q_pval.het,IV_list
EtyxFO,ko4k8R,Osteoporosis,k__Bacteria.p__Firmicutes.c__Negativicutes.o__Selenomonadales,MR Egger,4,0.863233739405196,1.09523028415681,0.513176911583874,-0.116513514075047,0.138321495439556,0.488271838711002,1.60552878790812,3,0.65813685487058,rs12472147; rs12979658; rs77764206; rs78791321
EtyxFO,ko4k8R,Osteoporosis,k__Bacteria.p__Firmicutes.c__Negativicutes.o__Selenomonadales,Inverse variance weighted,4,-0.0282243554625074,0.281961092585467,0.920264794285556,NA,NA,NA,NA,NA,NA,rs12472147; rs12979658; rs77764206; rs78791321
EtyxFO,ko4k8R,Osteoporosis,k__Bacteria.p__Firmicutes.c__Negativicutes.o__Selenomonadales,Weighted median,4,-0.177595713486531,0.350995350949407,0.612872518353237,NA,NA,NA,NA,NA,NA,rs12472147; rs12979658; rs77764206; rs78791321
EtyxFO,ko4k8R,Osteoporosis,k__Bacteria.p__Firmicutes.c__Negativicutes.o__Selenomonadales,MR-PRESSO,4,-0.0282243554625074,0.206270730179735,0.899830539086595,NA,NA,NA,NA,NA,NA,rs12472147; rs12979658; rs77764206; rs78791321
