id.exposure,id.outcome,outcome,exposure,method,nsnp,b,se,pval,egger_intercept.ple,se.ple,pval.ple,Q.het,Q_df.het,Q_pval.het,IV_list
EGWr2w,8aCtKk,Osteoporosis,HISTSYN.PWY..L.histidine.biosynthesis,MR Egger,5,-0.673996653168976,0.706554154552158,0.410498083877012,0.126714037748709,0.087804671154651,0.244685686619589,3.61218716206946,4,0.461026271482657,rs10005886; rs10772275; rs12098656; rs7145596; rs78778914
EGWr2w,8aCtKk,Osteoporosis,HISTSYN.PWY..L.histidine.biosynthesis,Inverse variance weighted,5,0.273109650687075,0.261745063357191,0.296754492582397,NA,NA,NA,NA,NA,NA,rs10005886; rs10772275; rs12098656; rs7145596; rs78778914
EGWr2w,8aCtKk,Osteoporosis,HISTSYN.PWY..L.histidine.biosynthesis,Weighted median,5,-0.0198392508753644,0.338497906407943,0.953263007708292,NA,NA,NA,NA,NA,NA,rs10005886; rs10772275; rs12098656; rs7145596; rs78778914
EGWr2w,8aCtKk,Osteoporosis,HISTSYN.PWY..L.histidine.biosynthesis,MR-PRESSO,5,0.273109650687075,0.24873312495116,0.333858131127958,NA,NA,NA,NA,NA,NA,rs10005886; rs10772275; rs12098656; rs7145596; rs78778914
