id.exposure,id.outcome,outcome,exposure,method,nsnp,b,se,pval,egger_intercept.ple,se.ple,pval.ple,Q.het,Q_df.het,Q_pval.het,IV_list
90P52i,P0wKSb,Osteoporosis,HISDEG.PWY..L.histidine.degradation.I,MR Egger,5,-2.1713984468581,1.20298008772849,0.16883009446386,0.187268279543921,0.117365229753142,0.208848229468594,3.39646159011216,4,0.493795162836687,rs11948304; rs12137024; rs1501270; rs2175835; rs6783574
90P52i,P0wKSb,Osteoporosis,HISDEG.PWY..L.histidine.degradation.I,Inverse variance weighted,5,-0.294066677015607,0.250706484586584,0.240815047757682,NA,NA,NA,NA,NA,NA,rs11948304; rs12137024; rs1501270; rs2175835; rs6783574
90P52i,P0wKSb,Osteoporosis,HISDEG.PWY..L.histidine.degradation.I,Weighted median,5,-0.219396171377994,0.334669832177032,0.512107238223552,NA,NA,NA,NA,NA,NA,rs11948304; rs12137024; rs1501270; rs2175835; rs6783574
90P52i,P0wKSb,Osteoporosis,HISDEG.PWY..L.histidine.degradation.I,MR-PRESSO,5,-0.0706460875594151,0.292646946631798,0.818829653930357,NA,NA,NA,NA,NA,NA,rs11948304; rs12137024; rs1501270; rs2175835; rs6783574
