id.exposure,id.outcome,outcome,exposure,method,nsnp,b,se,pval,egger_intercept.ple,se.ple,pval.ple,Q.het,Q_df.het,Q_pval.het,IV_list
ch8Ngg,Tr72Zl,Interleukin-15,LACTOSECAT.PWY..lactose.and.galactose.degradation.I,MR Egger,7,-0.366655197100057,0.443767445740579,0.446292587509997,0.0235826643764581,0.0642994066474526,0.728805243295583,8.20061606441093,6,0.223771077851723,rs118184992; rs191667368; rs4960590; rs507666; rs7147611; rs80205307; rs9982657
ch8Ngg,Tr72Zl,Interleukin-15,LACTOSECAT.PWY..lactose.and.galactose.degradation.I,Inverse variance weighted,7,-0.211375245081741,0.123001571121637,0.0857098326102046,NA,NA,NA,NA,NA,NA,rs118184992; rs191667368; rs4960590; rs507666; rs7147611; rs80205307; rs9982657
ch8Ngg,Tr72Zl,Interleukin-15,LACTOSECAT.PWY..lactose.and.galactose.degradation.I,Weighted median,7,-0.328803616752025,0.136540511667655,0.0160356558684788,NA,NA,NA,NA,NA,NA,rs118184992; rs191667368; rs4960590; rs507666; rs7147611; rs80205307; rs9982657
ch8Ngg,Tr72Zl,Interleukin-15,LACTOSECAT.PWY..lactose.and.galactose.degradation.I,MR-PRESSO,7,-0.193534648774475,0.106877388938947,0.107757013433327,NA,NA,NA,NA,NA,NA,rs118184992; rs191667368; rs4960590; rs507666; rs7147611; rs80205307; rs9982657
