id.exposure,id.outcome,outcome,exposure,method,nsnp,b,se,pval,egger_intercept.ple,se.ple,pval.ple,Q.het,Q_df.het,Q_pval.het,IV_list
QLTlgv,lY59eA,TNFSF12_GCST90243141,s__Bifidobacterium_adolescentis_GCST90027754,MR Egger,8,0.377475300147185,0.358996949815914,0.333534507823079,-0.05176343839595,0.040105689161859,0.24431626702174,6.49162095611072,7,0.483654406890153,rs11986537; rs4110696; rs4256405; rs4351047; rs4646215; rs6754311; rs74394156; rs8045380
QLTlgv,lY59eA,TNFSF12_GCST90243141,s__Bifidobacterium_adolescentis_GCST90027754,Inverse variance weighted,8,-0.0698143888829594,0.0936945661199732,0.456194703595112,NA,NA,NA,NA,NA,NA,rs11986537; rs4110696; rs4256405; rs4351047; rs4646215; rs6754311; rs74394156; rs8045380
QLTlgv,lY59eA,TNFSF12_GCST90243141,s__Bifidobacterium_adolescentis_GCST90027754,Weighted median,8,0.0238726560048328,0.121745304600012,0.844542171132904,NA,NA,NA,NA,NA,NA,rs11986537; rs4110696; rs4256405; rs4351047; rs4646215; rs6754311; rs74394156; rs8045380
QLTlgv,lY59eA,TNFSF12_GCST90243141,s__Bifidobacterium_adolescentis_GCST90027754,MR-PRESSO,8,-0.0698143888829594,0.0902281309531015,0.464400623100067,NA,NA,NA,NA,NA,NA,rs11986537; rs4110696; rs4256405; rs4351047; rs4646215; rs6754311; rs74394156; rs8045380
