chr.exposure,pos.exposure,effect_allele.exposure,other_allele.exposure,eaf.exposure,beta.exposure,se.exposure,pval.exposure,SNP,exposure,mr_keep.exposure,pval_origin.exposure,id.exposure,data_source.exposure
10,1294817,G,C,0.247265,0.125537,0.0262787,1.8e-06,rs55892303,exposure,TRUE,reported,MHDKFe,textfile
10,95422098,C,T,0.249659,0.120378,0.0251932,1.8e-06,rs17849163,exposure,TRUE,reported,MHDKFe,textfile
12,120720180,A,G,0.0512175,-0.227139,0.0493098,4.1e-06,rs78686363,exposure,TRUE,reported,MHDKFe,textfile
13,106969271,C,T,0.311032,-0.111115,0.0234837,2.2e-06,rs9520255,exposure,TRUE,reported,MHDKFe,textfile
14,81462744,T,C,0.290745,0.113001,0.0242159,3.1e-06,rs140200601,exposure,TRUE,reported,MHDKFe,textfile
14,95615161,T,G,0.115094,-0.165315,0.0339814,1.1e-06,rs17092955,exposure,TRUE,reported,MHDKFe,textfile
18,60288863,T,C,0.0137437,0.443293,0.0928493,1.8e-06,rs189726868,exposure,TRUE,reported,MHDKFe,textfile
19,30149262,C,T,0.200794,0.130423,0.0279642,3.1e-06,rs335752,exposure,TRUE,reported,MHDKFe,textfile
19,6554121,A,G,0.0291723,-0.321574,0.065303,8.5e-07,rs549596639,exposure,TRUE,reported,MHDKFe,textfile
2,135859184,C,T,0.412692,0.206968,0.0224734,3.3e-20,rs182549,exposure,TRUE,reported,MHDKFe,textfile
3,124998296,G,C,0.0120472,-0.469817,0.0994123,2.3e-06,rs114319347,exposure,TRUE,reported,MHDKFe,textfile
3,197053949,A,G,0.0716337,-0.195529,0.0426163,4.5e-06,rs6768653,exposure,TRUE,reported,MHDKFe,textfile
5,483449,G,A,0.299085,0.123291,0.0244984,4.8e-07,rs56098739,exposure,TRUE,reported,MHDKFe,textfile
7,143315367,G,A,0.01045,-0.549933,0.107876,3.4e-07,rs145084984,exposure,TRUE,reported,MHDKFe,textfile
7,152552721,G,A,0.0636397,0.213489,0.0463538,4.1e-06,rs79931074,exposure,TRUE,reported,MHDKFe,textfile
