id.exposure,id.outcome,outcome,exposure,method,nsnp,b,se,pval,egger_intercept.ple,se.ple,pval.ple,Q.het,Q_df.het,Q_pval.het,IV_list
MHDKFe,EolGJh,TNFSF12_GCST90274846,s__Bifidobacterium_adolescentis_GCST90032220,MR Egger,15,-0.170541377801871,0.119622902014148,0.177534911638687,0.0320567230806432,0.0190796506608219,0.116783849923491,36.1824386019277,14,0.000979774870150386,rs114319347; rs140200601; rs145084984; rs17092955; rs17849163; rs182549; rs189726868; rs335752; rs549596639; rs55892303; rs56098739; rs6768653; rs78686363; rs79931074; rs9520255
MHDKFe,EolGJh,TNFSF12_GCST90274846,s__Bifidobacterium_adolescentis_GCST90032220,Inverse variance weighted,15,0.0154962779487375,0.0481256352034936,0.747455474274941,NA,NA,NA,NA,NA,NA,rs114319347; rs140200601; rs145084984; rs17092955; rs17849163; rs182549; rs189726868; rs335752; rs549596639; rs55892303; rs56098739; rs6768653; rs78686363; rs79931074; rs9520255
MHDKFe,EolGJh,TNFSF12_GCST90274846,s__Bifidobacterium_adolescentis_GCST90032220,Weighted median,15,-0.046474669401765,0.0518081501901106,0.369690504194421,NA,NA,NA,NA,NA,NA,rs114319347; rs140200601; rs145084984; rs17092955; rs17849163; rs182549; rs189726868; rs335752; rs549596639; rs55892303; rs56098739; rs6768653; rs78686363; rs79931074; rs9520255
MHDKFe,EolGJh,TNFSF12_GCST90274846,s__Bifidobacterium_adolescentis_GCST90032220,MR-PRESSO,14,0.0154962779487375,0.0481256352034936,0.752213142580337,NA,NA,NA,NA,NA,NA,rs114319347; rs140200601; rs145084984; rs17092955; rs17849163; rs189726868; rs335752; rs549596639; rs55892303; rs56098739; rs6768653; rs78686363; rs79931074; rs9520255
