effect_allele.exposure,other_allele.exposure,eaf.exposure,beta.exposure,se.exposure,pval.exposure,SNP,chr.exposure,pos.exposure,exposure,mr_keep.exposure,pval_origin.exposure,id.exposure,data_source.exposure
T,C,0.1066,-0.0662,0.0084,4.67e-15,rs3740390,10,104638480,CAD,TRUE,reported,Lnt8DP,textfile
A,G,0.2713,0.0386,0.0063,9.632e-10,rs4918072,10,105693644,CAD,TRUE,reported,Lnt8DP,textfile
T,C,0.6355,-0.0363,0.0059,6.377e-10,rs61848342,10,12303813,CAD,TRUE,reported,Lnt8DP,textfile
A,G,0.5508,-0.0332,0.0051,8.016e-11,rs4752700,10,124237612,CAD,TRUE,reported,Lnt8DP,textfile
A,G,0.3178,0.0543,0.0064,1.73e-17,rs9337951,10,30317073,CAD,TRUE,reported,Lnt8DP,textfile
T,G,0.3511,-0.06,0.0059,3.504e-24,rs1870634,10,44480811,CAD,TRUE,reported,Lnt8DP,textfile
T,C,0.7152,0.042,0.0062,1.724e-11,rs17680741,10,82251514,CAD,TRUE,reported,Lnt8DP,textfile
T,C,0.3527,0.0559,0.0059,2.434e-21,rs1412444,10,91002927,CAD,TRUE,reported,Lnt8DP,textfile
T,G,0.2846,-0.0377,0.0058,1.08e-10,rs607562,11,100624538,CAD,TRUE,reported,Lnt8DP,textfile
T,C,0.3082,0.0614,0.0055,1.115e-28,rs974819,11,103660567,CAD,TRUE,reported,Lnt8DP,textfile
T,C,0.901,-0.0692,0.0096,7.033e-13,rs651821,11,116662579,CAD,TRUE,reported,Lnt8DP,textfile
A,G,0.3101,-0.0351,0.0061,9.413e-09,rs7926712,11,13303085,CAD,TRUE,reported,Lnt8DP,textfile
T,G,0.6877,-0.0314,0.0055,1.03e-08,rs7116641,11,43696917,CAD,TRUE,reported,Lnt8DP,textfile
A,C,0.0739,0.0782,0.0108,5.609e-13,rs11601507,11,5701074,CAD,TRUE,reported,Lnt8DP,textfile
A,G,0.2364,-0.0403,0.006,2.291e-11,rs12801636,11,65391317,CAD,TRUE,reported,Lnt8DP,textfile
A,C,0.1707,-0.0466,0.0071,4.758e-11,rs606452,11,75276178,CAD,TRUE,reported,Lnt8DP,textfile
T,C,0.5535,-0.0643,0.006,3.715e-27,rs7137828,12,111932800,CAD,TRUE,reported,Lnt8DP,textfile
A,C,0.6725,-0.049,0.0056,1.26e-18,rs1169288,12,121416650,CAD,TRUE,reported,Lnt8DP,textfile
T,C,0.15,0.0619,0.0074,4.822e-17,rs11057841,12,125316743,CAD,TRUE,reported,Lnt8DP,textfile
C,G,0.3409,-0.046,0.0061,2.862e-14,rs10841443,12,20220033,CAD,TRUE,reported,Lnt8DP,textfile
C,G,0.9292,-0.0832,0.0117,9.28e-13,rs11170820,12,54513915,CAD,TRUE,reported,Lnt8DP,textfile
T,C,0.8141,-0.0558,0.0072,8.643e-15,rs2681492,12,90013089,CAD,TRUE,reported,Lnt8DP,textfile
A,G,0.0768,-0.0747,0.0105,1.056e-12,rs11107903,12,95507971,CAD,TRUE,reported,Lnt8DP,textfile
A,G,0.8739,-0.0635,0.0077,1.768e-16,rs12873154,13,110920852,CAD,TRUE,reported,Lnt8DP,textfile
T,C,0.7392,0.0596,0.006,3.893e-23,rs9515203,13,111049623,CAD,TRUE,reported,Lnt8DP,textfile
A,G,0.3121,0.036,0.0055,5.363e-11,rs9319428,13,28973621,CAD,TRUE,reported,Lnt8DP,textfile
T,C,0.2681,-0.0539,0.0066,2.885e-16,rs8003602,14,100148961,CAD,TRUE,reported,Lnt8DP,textfile
T,C,0.8095,-0.0408,0.0071,7.851e-09,rs3783324,14,100350017,CAD,TRUE,reported,Lnt8DP,textfile
A,G,0.5758,-0.0283,0.0052,4.262e-08,rs2145598,14,58794001,CAD,TRUE,reported,Lnt8DP,textfile
T,C,0.5234,-0.0319,0.0051,3.601e-10,rs7145159,14,75583268,CAD,TRUE,reported,Lnt8DP,textfile
A,G,0.8117,0.0382,0.007,3.895e-08,rs6494488,15,65024204,CAD,TRUE,reported,Lnt8DP,textfile
A,C,0.2211,-0.0576,0.0069,5.676e-17,rs72743461,15,67441750,CAD,TRUE,reported,Lnt8DP,textfile
T,C,0.5542,0.0636,0.0051,5.481e-36,rs7173743,15,79141784,CAD,TRUE,reported,Lnt8DP,textfile
A,C,0.8891,0.0639,0.0097,5.206e-11,rs1807214,15,89565257,CAD,TRUE,reported,Lnt8DP,textfile
A,C,0.4605,0.0559,0.0052,9.86e-27,rs17514846,15,91416550,CAD,TRUE,reported,Lnt8DP,textfile
A,G,0.3035,-0.0374,0.0062,1.194e-09,rs12149545,16,56993161,CAD,TRUE,reported,Lnt8DP,textfile
A,G,0.7589,0.0485,0.007,3.293e-12,rs7188857,16,75303444,CAD,TRUE,reported,Lnt8DP,textfile
A,G,0.3982,0.0367,0.0051,9.363e-13,rs7199941,16,81906423,CAD,TRUE,reported,Lnt8DP,textfile
A,G,0.7594,0.0557,0.0068,1.612e-16,rs7500448,16,83045790,CAD,TRUE,reported,Lnt8DP,textfile
A,G,0.4379,-0.032,0.0052,9.507e-10,rs12936587,17,17543722,CAD,TRUE,reported,Lnt8DP,textfile
T,C,0.2943,-0.0469,0.0056,4.112e-17,rs170041,17,2170216,CAD,TRUE,reported,Lnt8DP,textfile
T,C,0.5146,-0.0358,0.0057,2.902e-10,rs11080107,17,27938424,CAD,TRUE,reported,Lnt8DP,textfile
T,C,0.3123,-0.0409,0.0061,2.141e-11,rs1962412,17,46970259,CAD,TRUE,reported,Lnt8DP,textfile
T,G,0.3409,0.048,0.006,1.63e-15,rs62076439,17,47404628,CAD,TRUE,reported,Lnt8DP,textfile
T,C,0.1811,0.0427,0.0078,4.05e-08,rs7206935,17,59109285,CAD,TRUE,reported,Lnt8DP,textfile
T,C,0.4717,-0.033,0.005,6.279e-11,rs9892152,17,62401965,CAD,TRUE,reported,Lnt8DP,textfile
A,C,0.716,-0.0382,0.0063,1.136e-09,rs9964304,18,47229717,CAD,TRUE,reported,Lnt8DP,textfile
T,C,0.222,0.0383,0.0068,2.018e-08,rs663640,18,57846077,CAD,TRUE,reported,Lnt8DP,textfile
A,C,0.8868,0.1157,0.0092,1.931e-36,rs55791371,19,11188153,CAD,TRUE,reported,Lnt8DP,textfile
A,G,0.0769,0.0568,0.0098,6.012e-09,rs17616620,19,11293642,CAD,TRUE,reported,Lnt8DP,textfile
T,G,0.2162,0.0511,0.0069,1.438e-13,rs7251815,19,17844942,CAD,TRUE,reported,Lnt8DP,textfile
A,G,0.177,-0.0413,0.0075,3.323e-08,rs7256873,19,41742308,CAD,TRUE,reported,Lnt8DP,textfile
A,C,0.4954,-0.0484,0.0057,2.362e-17,rs4803455,19,41851509,CAD,TRUE,reported,Lnt8DP,textfile
T,C,0.079,-0.1368,0.011,2.135e-35,rs7412,19,45412079,CAD,TRUE,reported,Lnt8DP,textfile
A,G,0.2574,0.0429,0.0065,5.218e-11,rs11673093,19,45742094,CAD,TRUE,reported,Lnt8DP,textfile
T,G,0.2343,-0.0999,0.0062,3.634e-58,rs602633,1,109821511,CAD,TRUE,reported,Lnt8DP,textfile
A,G,0.8145,0.0365,0.0065,2.015e-08,rs10858079,1,115899071,CAD,TRUE,reported,Lnt8DP,textfile
A,T,0.108,0.057,0.0094,1.286e-09,rs12143614,1,150932696,CAD,TRUE,reported,Lnt8DP,textfile
T,C,0.4338,0.0395,0.0051,6.693e-15,rs4845625,1,154422067,CAD,TRUE,reported,Lnt8DP,textfile
T,C,0.4956,-0.0362,0.0052,3.138e-12,rs1892094,1,169094459,CAD,TRUE,reported,Lnt8DP,textfile
T,C,0.4715,-0.0284,0.005,1.769e-08,rs6700559,1,200646073,CAD,TRUE,reported,Lnt8DP,textfile
T,C,0.3012,0.0359,0.0056,1.097e-10,rs2820315,1,201872264,CAD,TRUE,reported,Lnt8DP,textfile
A,G,0.6821,0.0699,0.0064,5.905e-28,rs35158675,1,222829550,CAD,TRUE,reported,Lnt8DP,textfile
T,C,0.1483,0.0469,0.0082,1.326e-08,rs36096196,1,2252205,CAD,TRUE,reported,Lnt8DP,textfile
T,C,0.1141,-0.0496,0.009,3.651e-08,rs16823332,1,2920158,CAD,TRUE,reported,Lnt8DP,textfile
A,C,0.1355,0.0514,0.0084,9.974e-10,rs2493298,1,3325912,CAD,TRUE,reported,Lnt8DP,textfile
A,G,0.4303,-0.0326,0.0052,4.129e-10,rs4072980,1,38456106,CAD,TRUE,reported,Lnt8DP,textfile
T,G,0.0164,-0.2406,0.0247,1.855e-22,rs11591147,1,55505647,CAD,TRUE,reported,Lnt8DP,textfile
A,G,0.9062,0.096,0.0088,8.038e-28,rs17114046,1,56966350,CAD,TRUE,reported,Lnt8DP,textfile
A,G,0.8971,0.0573,0.0084,6.84e-12,rs867186,20,33764554,CAD,TRUE,reported,Lnt8DP,textfile
T,C,0.1437,0.0424,0.0072,4.396e-09,rs3827066,20,44586023,CAD,TRUE,reported,Lnt8DP,textfile
T,C,0.1309,0.0518,0.0084,7.96e-10,rs260020,20,57714025,CAD,TRUE,reported,Lnt8DP,textfile
A,G,0.1239,0.1083,0.009,2.579e-33,rs28451064,21,35593827,CAD,TRUE,reported,Lnt8DP,textfile
A,G,0.9728,0.1063,0.018,3.73e-09,rs62233066,22,24672718,CAD,TRUE,reported,Lnt8DP,textfile
A,G,0.2772,0.0351,0.0064,4.396e-08,rs6001960,22,40943032,CAD,TRUE,reported,Lnt8DP,textfile
T,C,0.5299,-0.0368,0.0051,5.408e-13,rs2252641,2,145801461,CAD,TRUE,reported,Lnt8DP,textfile
A,G,0.8189,0.0482,0.0074,6.307e-11,rs12999907,2,164957251,CAD,TRUE,reported,Lnt8DP,textfile
A,G,0.1095,0.0812,0.0098,1.064e-16,rs16986953,2,19942473,CAD,TRUE,reported,Lnt8DP,textfile
A,G,0.1174,0.1054,0.0089,1.291e-32,rs6728861,2,203873743,CAD,TRUE,reported,Lnt8DP,textfile
T,C,0.1837,-0.0555,0.0066,5.74e-17,rs515135,2,21286057,CAD,TRUE,reported,Lnt8DP,textfile
T,C,0.2722,0.0435,0.0059,1.576e-13,rs1250229,2,216304384,CAD,TRUE,reported,Lnt8DP,textfile
A,G,0.3895,0.037,0.0052,1.555e-12,rs2571445,2,218683154,CAD,TRUE,reported,Lnt8DP,textfile
A,G,0.3157,-0.0339,0.0061,2.641e-08,rs11677932,2,238223955,CAD,TRUE,reported,Lnt8DP,textfile
T,C,0.3038,0.0492,0.0056,1.838e-18,rs6544713,2,44073881,CAD,TRUE,reported,Lnt8DP,textfile
A,C,0.5251,0.0332,0.0058,7.635e-09,rs582384,2,45896437,CAD,TRUE,reported,Lnt8DP,textfile
T,C,0.465,0.0565,0.0057,1.813e-23,rs6743030,2,85763520,CAD,TRUE,reported,Lnt8DP,textfile
C,G,0.1284,0.0639,0.0083,1.449e-14,rs4678145,3,124450081,CAD,TRUE,reported,Lnt8DP,textfile
T,G,0.1433,-0.0431,0.0073,2.999e-09,rs10512861,3,132257961,CAD,TRUE,reported,Lnt8DP,textfile
T,C,0.2474,-0.0454,0.0059,1.282e-14,rs7621025,3,136272246,CAD,TRUE,reported,Lnt8DP,textfile
T,C,0.1625,0.0644,0.0076,2.403e-17,rs185244,3,138092889,CAD,TRUE,reported,Lnt8DP,textfile
T,C,0.4344,0.0379,0.0057,3.207e-11,rs34991912,3,14926351,CAD,TRUE,reported,Lnt8DP,textfile
C,G,0.1649,-0.0642,0.0081,3.364e-15,rs789294,3,154057741,CAD,TRUE,reported,Lnt8DP,textfile
T,C,0.3261,0.0342,0.0061,1.81e-08,rs4368453,3,156852141,CAD,TRUE,reported,Lnt8DP,textfile
A,G,0.5914,-0.0358,0.0059,1.211e-09,rs12897,3,172115902,CAD,TRUE,reported,Lnt8DP,textfile
T,C,0.6693,0.0355,0.0054,3.48e-11,rs7617773,3,48193515,CAD,TRUE,reported,Lnt8DP,textfile
A,G,0.1179,-0.0505,0.009,1.813e-08,rs73079003,3,49832788,CAD,TRUE,reported,Lnt8DP,textfile
A,C,0.7166,-0.0486,0.0063,1.229e-14,rs7678555,4,120909501,CAD,TRUE,reported,Lnt8DP,textfile
A,G,0.1559,0.0751,0.0074,5.177e-24,rs6841581,4,148401190,CAD,TRUE,reported,Lnt8DP,textfile
A,C,0.1336,0.0549,0.0085,1.002e-10,rs2880099,4,156432368,CAD,TRUE,reported,Lnt8DP,textfile
A,G,0.1892,-0.0643,0.0065,3.337e-23,rs7692387,4,156635309,CAD,TRUE,reported,Lnt8DP,textfile
T,G,0.5098,0.0311,0.0056,3.092e-08,rs7696431,4,169687725,CAD,TRUE,reported,Lnt8DP,textfile
A,T,0.1979,0.0399,0.007,1.169e-08,rs17081933,4,57822869,CAD,TRUE,reported,Lnt8DP,textfile
A,G,0.3565,0.0336,0.0053,1.637e-10,rs12500824,4,77416627,CAD,TRUE,reported,Lnt8DP,textfile
A,T,0.7208,-0.0491,0.0064,1.369e-14,rs10857147,4,81181072,CAD,TRUE,reported,Lnt8DP,textfile
A,T,0.2341,0.0386,0.0067,7.632e-09,rs3775058,4,96117371,CAD,TRUE,reported,Lnt8DP,textfile
A,G,0.8754,-0.0488,0.0078,4.741e-10,rs273909,5,131667353,CAD,TRUE,reported,Lnt8DP,textfile
T,C,0.4633,0.043,0.0051,6.525e-17,rs246600,5,142516897,CAD,TRUE,reported,Lnt8DP,textfile
A,G,0.823,-0.0366,0.0067,3.737e-08,rs3936511,5,55860781,CAD,TRUE,reported,Lnt8DP,textfile
A,G,0.8676,0.0615,0.0085,3.752e-13,rs112941079,5,9546098,CAD,TRUE,reported,Lnt8DP,textfile
A,G,0.4927,0.037,0.0058,1.174e-10,rs1591805,6,126717064,CAD,TRUE,reported,Lnt8DP,textfile
A,G,0.5907,-0.1072,0.0058,2.718e-76,rs9349379,6,12903957,CAD,TRUE,reported,Lnt8DP,textfile
C,G,0.1407,0.0458,0.0081,1.936e-08,rs17478367,6,134110535,CAD,TRUE,reported,Lnt8DP,textfile
T,C,0.695,0.0655,0.0056,3.555e-31,rs2327429,6,134209837,CAD,TRUE,reported,Lnt8DP,textfile
T,C,0.0839,-0.0537,0.0092,6.087e-09,rs17080091,6,150997401,CAD,TRUE,reported,Lnt8DP,textfile
T,C,0.0098,0.3197,0.0311,9.437e-25,rs147010904,6,160625299,CAD,TRUE,reported,Lnt8DP,textfile
T,C,0.0693,0.3122,0.0118,9.78e-154,rs55730499,6,161005610,CAD,TRUE,reported,Lnt8DP,textfile
T,C,0.9833,-0.4778,0.0236,2.06e-91,rs140570886,6,161013013,CAD,TRUE,reported,Lnt8DP,textfile
T,C,0.933,0.0915,0.0124,1.707e-13,rs12212146,6,161125454,CAD,TRUE,reported,Lnt8DP,textfile
A,G,0.3545,0.0442,0.0059,5.708e-14,rs6909752,6,22612629,CAD,TRUE,reported,Lnt8DP,textfile
T,C,0.441,-0.0333,0.0061,4.207e-08,rs74618856,6,31325745,CAD,TRUE,reported,Lnt8DP,textfile
A,G,0.1554,0.0479,0.0072,2.151e-11,rs2814944,6,34552797,CAD,TRUE,reported,Lnt8DP,textfile
A,G,0.4907,0.028,0.0051,3.484e-08,rs1321309,6,36638636,CAD,TRUE,reported,Lnt8DP,textfile
T,C,0.2503,0.0399,0.0059,9.312e-12,rs733701,6,39171862,CAD,TRUE,reported,Lnt8DP,textfile
A,G,0.5807,0.0386,0.0056,3.995e-12,rs6905288,6,43758873,CAD,TRUE,reported,Lnt8DP,textfile
T,C,0.0662,0.0829,0.0114,3.243e-13,rs71566846,6,57148171,CAD,TRUE,reported,Lnt8DP,textfile
A,C,0.5314,0.0319,0.0052,6.584e-10,rs4613862,6,82612271,CAD,TRUE,reported,Lnt8DP,textfile
A,G,0.2899,0.0345,0.0063,4.533e-08,rs2189839,7,107230026,CAD,TRUE,reported,Lnt8DP,textfile
A,G,0.595,-0.0283,0.0052,4.17e-08,rs975722,7,117332914,CAD,TRUE,reported,Lnt8DP,textfile
T,C,0.3624,-0.0548,0.0055,1.368e-23,rs11556924,7,129663496,CAD,TRUE,reported,Lnt8DP,textfile
T,G,0.3608,-0.0338,0.0058,6.531e-09,rs10237377,7,139757136,CAD,TRUE,reported,Lnt8DP,textfile
T,C,0.0732,0.1071,0.0115,1.353e-20,rs3918226,7,150690176,CAD,TRUE,reported,Lnt8DP,textfile
A,G,0.1767,0.0752,0.0073,1.253e-24,rs2107595,7,19049388,CAD,TRUE,reported,Lnt8DP,textfile
A,G,0.2012,-0.036,0.0064,1.883e-08,rs10267593,7,1937261,CAD,TRUE,reported,Lnt8DP,textfile
A,G,0.0874,-0.0567,0.0103,3.64e-08,rs2107732,7,45077978,CAD,TRUE,reported,Lnt8DP,textfile
C,G,0.7681,0.0386,0.0069,2.263e-08,rs4724806,7,6487131,CAD,TRUE,reported,Lnt8DP,textfile
A,G,0.4167,-0.0319,0.0057,1.882e-08,rs10093110,8,106565414,CAD,TRUE,reported,Lnt8DP,textfile
T,C,0.5298,-0.0498,0.0051,7.67e-23,rs6982502,8,126479362,CAD,TRUE,reported,Lnt8DP,textfile
T,C,0.8709,0.0585,0.0078,5.15e-14,rs17091891,8,19843171,CAD,TRUE,reported,Lnt8DP,textfile
C,G,0.939,-0.0784,0.0115,1.044e-11,rs6984210,8,22033615,CAD,TRUE,reported,Lnt8DP,textfile
T,C,0.7197,-0.0395,0.0057,3.591e-12,rs944172,9,110517794,CAD,TRUE,reported,Lnt8DP,textfile
T,C,0.7304,-0.0355,0.0058,7.859e-10,rs885150,9,124420173,CAD,TRUE,reported,Lnt8DP,textfile
T,C,0.1841,0.0554,0.0072,2.033e-14,rs2519093,9,136141870,CAD,TRUE,reported,Lnt8DP,textfile
A,G,0.5147,-0.1687,0.0054,1e-200,rs10738607,9,22088094,CAD,TRUE,reported,Lnt8DP,textfile
