chr.exposure,pos.exposure,effect_allele.exposure,other_allele.exposure,beta.exposure,se.exposure,eaf.exposure,pval.exposure,SNP,samplesize.exposure,exposure,mr_keep.exposure,pval_origin.exposure,id.exposure,data_source.exposure
4,20169693,A,T,0.0919,0.0193,0.8082,1.92e-06,rs56240706,8861,Interleukin-15,TRUE,reported,vFUabm,textfile
4,140657353,C,G,0.0778,0.0162,0.8203,1.57e-06,rs6845172,11772,Interleukin-15,TRUE,reported,vFUabm,textfile
6,27597079,A,G,-0.9664,0.1913,0.007,4.38e-07,rs186388641,6260,Interleukin-15,TRUE,reported,vFUabm,textfile
6,63045055,A,G,-0.5639,0.1197,0.9926,2.47e-06,rs192512858,6285,Interleukin-15,TRUE,reported,vFUabm,textfile
8,27696981,A,C,-0.3132,0.0684,0.0119,4.67e-06,rs117428573,10857,Interleukin-15,TRUE,reported,vFUabm,textfile
9,118178487,T,C,-0.9217,0.1789,0.0032,2.58e-07,rs182692050,6941,Interleukin-15,TRUE,reported,vFUabm,textfile
9,136154304,T,C,-0.0726,0.0158,0.2166,4.33e-06,rs649129,10918,Interleukin-15,TRUE,reported,vFUabm,textfile
10,5815194,A,T,-0.0867,0.0174,0.8028,6.27e-07,rs12570881,11344,Interleukin-15,TRUE,reported,vFUabm,textfile
10,6002368,T,G,0.3692,0.0127,0.5146,8.39e-186,rs2228059,11344,Interleukin-15,TRUE,reported,vFUabm,textfile
10,6009462,T,G,-0.1967,0.0135,0.3975,4.34e-48,rs7898286,11344,Interleukin-15,TRUE,reported,vFUabm,textfile
11,37594094,A,G,-0.2278,0.0492,0.9801,3.66e-06,rs145793996,11779,Interleukin-15,TRUE,reported,vFUabm,textfile
12,111932800,T,C,-0.0748,0.0133,0.5243,1.87e-08,rs7137828,11344,Interleukin-15,TRUE,reported,vFUabm,textfile
15,94729209,A,T,-0.0849,0.017,0.4367,5.91e-07,rs117046642,7943,Interleukin-15,TRUE,reported,vFUabm,textfile
16,87321301,A,G,0.8482,0.1754,0.009,1.33e-06,rs146343885,6834,Interleukin-15,TRUE,reported,vFUabm,textfile
18,12175379,T,C,0.14,0.0294,0.0658,1.92e-06,rs4459616,9899,Interleukin-15,TRUE,reported,vFUabm,textfile
20,2629394,A,T,0.1159,0.0241,0.8743,1.52e-06,rs192538756,9461,Interleukin-15,TRUE,reported,vFUabm,textfile
21,15303777,A,G,0.3794,0.0799,0.0158,2.05e-06,rs117484888,7423,Interleukin-15,TRUE,reported,vFUabm,textfile
21,39896592,A,G,0.0796,0.0169,0.8384,2.48e-06,rs2836464,11791,Interleukin-15,TRUE,reported,vFUabm,textfile
