SNP,effect_allele.exposure,other_allele.exposure,eaf.exposure,beta.exposure,se.exposure,pval.exposure,exposure,mr_keep.exposure,pval_origin.exposure,id.exposure,data_source.exposure
rs4942561,T,G,0.759,0.0655,0.0116,1.771e-08,ischemic_stroke,TRUE,reported,7hu5mE,textfile
rs2107595,A,G,0.1673,0.0882,0.0132,2.328e-11,ischemic_stroke,TRUE,reported,7hu5mE,textfile
rs473238,T,C,0.1326,0.0831,0.0147,1.651e-08,ischemic_stroke,TRUE,reported,7hu5mE,textfile
rs3184504,T,C,0.4722,0.0779,0.0101,1.229e-14,ischemic_stroke,TRUE,reported,7hu5mE,textfile
rs34311906,T,C,0.5976,-0.0649,0.0113,1.066e-08,ischemic_stroke,TRUE,reported,7hu5mE,textfile
rs2758612,T,C,0.6453,0.0653,0.0111,3.677e-09,ischemic_stroke,TRUE,reported,7hu5mE,textfile
rs11242678,T,C,0.255,0.0723,0.0114,2.703e-10,ischemic_stroke,TRUE,reported,7hu5mE,textfile
rs2634074,A,T,0.7877,-0.0941,0.0121,5.905e-15,ischemic_stroke,TRUE,reported,7hu5mE,textfile
rs635634,T,C,0.1921,0.0772,0.0134,9.179e-09,ischemic_stroke,TRUE,reported,7hu5mE,textfile
rs2066864,A,G,0.2452,0.0634,0.0115,3.514e-08,ischemic_stroke,TRUE,reported,7hu5mE,textfile
