chr.exposure,SNP,pos.exposure,effect_allele.exposure,other_allele.exposure,samplesize.exposure,eaf.exposure,beta.exposure,se.exposure,pval.exposure,exposure,mr_keep.exposure,pval_origin.exposure,id.exposure,data_source.exposure
1,rs148519238,219129171,T,C,455057,0.00218105,2.82262,0.598424,2.39644e-06,Osteoporosis,TRUE,reported,lG4T9O,textfile
2,rs183071953,100668134,A,T,452082,0.0127333,1.05014,0.221914,2.22115e-06,Osteoporosis,TRUE,reported,lG4T9O,textfile
3,rs112085591,84921124,T,C,452735,0.00118392,3.99459,0.86529,3.90322e-06,Osteoporosis,TRUE,reported,lG4T9O,textfile
3,rs189686747,189857446,G,C,454411,0.00334499,2.11148,0.46212,4.89778e-06,Osteoporosis,TRUE,reported,lG4T9O,textfile
4,rs568176150,7752761,T,G,455824,0.00140076,3.60709,0.784439,4.2595e-06,Osteoporosis,TRUE,reported,lG4T9O,textfile
4,rs1991856,130413548,T,G,449933,0.16105,-0.293768,0.0626431,2.73811e-06,Osteoporosis,TRUE,reported,lG4T9O,textfile
4,rs191316214,146773874,G,A,455566,0.00940259,1.20277,0.259541,3.58277e-06,Osteoporosis,TRUE,reported,lG4T9O,textfile
8,rs79056671,29498092,A,G,454937,0.0161616,0.898699,0.195346,4.21362e-06,Osteoporosis,TRUE,reported,lG4T9O,textfile
9,rs184680703,74917888,A,G,455332,0.0011003,4.6345,0.990023,2.8519e-06,Osteoporosis,TRUE,reported,lG4T9O,textfile
10,rs2505084,30335520,A,G,443820,0.479422,-0.219067,0.0458443,1.76614e-06,Osteoporosis,TRUE,reported,lG4T9O,textfile
11,rs75207129,47091718,C,G,451029,0.00743522,1.5876,0.304161,1.79299e-07,Osteoporosis,TRUE,reported,lG4T9O,textfile
12,rs4149586,6441860,A,C,456348,0.0175086,0.876019,0.186262,2.56185e-06,Osteoporosis,TRUE,reported,lG4T9O,textfile
13,rs36071623,88970555,A,G,456348,0.0410334,0.542514,0.118366,4.57548e-06,Osteoporosis,TRUE,reported,lG4T9O,textfile
16,rs80092501,17897318,G,T,449851,0.0425963,0.564111,0.116903,1.39693e-06,Osteoporosis,TRUE,reported,lG4T9O,textfile
16,rs205414,28065536,T,C,450673,0.127964,0.34503,0.0693232,6.45387e-07,Osteoporosis,TRUE,reported,lG4T9O,textfile
16,rs565505460,57533932,T,C,448076,0.00694971,1.49252,0.307205,1.18352e-06,Osteoporosis,TRUE,reported,lG4T9O,textfile
19,rs11084610,32466798,C,G,455412,0.457749,-0.225443,0.0448192,4.9035e-07,Osteoporosis,TRUE,reported,lG4T9O,textfile
20,rs186625352,42758902,A,G,456049,0.000965905,4.72854,1.00394,2.47763e-06,Osteoporosis,TRUE,reported,lG4T9O,textfile
