SNP,chr.exposure,pos.exposure,effect_allele.exposure,other_allele.exposure,eaf.exposure,beta.exposure,se.exposure,pval.exposure,samplesize.exposure,exposure,mr_keep.exposure,pval_origin.exposure,id.exposure,data_source.exposure
rs17513135,1,40035686,C,T,0.772313,-0.00323987,0.000491681,7.3e-11,459324,T2D,TRUE,reported,IOkTfy,textfile
rs2793829,1,120461253,C,T,0.892549,-0.0037277,0.000666055,2.8e-08,459324,T2D,TRUE,reported,IOkTfy,textfile
rs79687284,1,214150821,G,C,0.965177,-0.00783531,0.00112601,1.9e-12,459324,T2D,TRUE,reported,IOkTfy,textfile
rs348330,1,229672955,G,A,0.367377,0.00246841,0.00042942,7e-09,459324,T2D,TRUE,reported,IOkTfy,textfile
rs1260326,2,27730940,T,C,0.395474,-0.00336673,0.000421423,3.4e-15,459324,T2D,TRUE,reported,IOkTfy,textfile
rs13414381,2,43567218,T,C,0.872037,0.00514205,0.000618537,1e-16,459324,T2D,TRUE,reported,IOkTfy,textfile
rs243018,2,60586707,C,G,0.548363,-0.00250067,0.000420048,2.6e-09,459324,T2D,TRUE,reported,IOkTfy,textfile
rs11688682,2,121347612,G,C,0.728922,0.00267922,0.00047972,1.7e-08,459324,T2D,TRUE,reported,IOkTfy,textfile
rs10184004,2,165508389,C,T,0.593979,0.00331315,0.000419713,4.4e-15,459324,T2D,TRUE,reported,IOkTfy,textfile
rs2972143,2,227116365,A,G,0.353164,-0.00354578,0.00043088,9.1e-17,459324,T2D,TRUE,reported,IOkTfy,textfile
rs17036160,3,12329783,C,T,0.882375,0.00435666,0.000641479,4.7e-12,459324,T2D,TRUE,reported,IOkTfy,textfile
rs1496653,3,23454790,A,G,0.796422,0.0034437,0.00051158,1.1e-11,459324,T2D,TRUE,reported,IOkTfy,textfile
rs6446298,3,49860854,T,C,0.333814,-0.00262951,0.000437545,2.4e-09,459324,T2D,TRUE,reported,IOkTfy,textfile
rs112674299,3,63982670,C,T,0.866663,0.00355625,0.000606732,3.3e-09,459324,T2D,TRUE,reported,IOkTfy,textfile
rs11720108,3,123069058,C,T,0.753356,0.00379293,0.000478895,1.5e-15,459324,T2D,TRUE,reported,IOkTfy,textfile
rs7633675,3,185510613,T,G,0.684565,-0.00480054,0.00044376,5.9e-28,459324,T2D,TRUE,reported,IOkTfy,textfile
rs4686471,3,187740899,T,C,0.390095,-0.00287711,0.000424428,6.2e-12,459324,T2D,TRUE,reported,IOkTfy,textfile
rs1801212,4,6302519,G,A,0.279206,-0.00400066,0.000459564,9.6e-19,459324,T2D,TRUE,reported,IOkTfy,textfile
rs6885132,5,14768092,C,G,0.899979,0.00508395,0.00069843,2.4e-13,459324,T2D,TRUE,reported,IOkTfy,textfile
rs9686661,5,55861786,C,T,0.799488,-0.00342406,0.00051413,1.5e-11,459324,T2D,TRUE,reported,IOkTfy,textfile
rs72783884,5,102247916,A,T,0.988875,-0.0122997,0.00209254,4e-09,459324,T2D,TRUE,reported,IOkTfy,textfile
rs115505614,5,102422968,C,T,0.94876,-0.00772731,0.000951088,7.3e-16,459324,T2D,TRUE,reported,IOkTfy,textfile
rs9379084,6,7231843,G,A,0.884376,0.00526268,0.000664661,1.2e-15,459324,T2D,TRUE,reported,IOkTfy,textfile
rs7756992,6,20679709,A,G,0.733922,-0.00540505,0.000466387,1e-31,459324,T2D,TRUE,reported,IOkTfy,textfile
rs28746853,6,32634646,T,C,0.824122,-0.00423179,0.000685082,7.6e-10,459324,T2D,TRUE,reported,IOkTfy,textfile
rs4715207,6,50809278,C,T,0.820212,-0.00365384,0.000537547,1.8e-11,459324,T2D,TRUE,reported,IOkTfy,textfile
rs11759026,6,126792095,A,G,0.771988,-0.00338735,0.000493767,1e-11,459324,T2D,TRUE,reported,IOkTfy,textfile
rs3383,6,143073041,T,C,0.36604,-0.00239287,0.000429112,1.9e-08,459324,T2D,TRUE,reported,IOkTfy,textfile
rs10228456,7,15063926,C,T,0.44983,-0.00319509,0.000414754,1e-14,459324,T2D,TRUE,reported,IOkTfy,textfile
rs860262,7,28194397,C,A,0.498128,0.00361649,0.000412144,2.3e-18,459324,T2D,TRUE,reported,IOkTfy,textfile
rs4729854,7,102383663,T,A,0.517663,-0.00266013,0.000422245,3.4e-10,459324,T2D,TRUE,reported,IOkTfy,textfile
rs7807512,7,130448914,C,T,0.703287,-0.00266522,0.000454818,5.4e-09,459324,T2D,TRUE,reported,IOkTfy,textfile
rs13262861,8,41508577,C,A,0.825274,0.0043602,0.000549786,1.4e-15,459324,T2D,TRUE,reported,IOkTfy,textfile
rs1320164,8,95960767,G,A,0.487983,0.00249325,0.000412774,2.6e-09,459324,T2D,TRUE,reported,IOkTfy,textfile
rs3802177,8,118185025,G,A,0.689829,0.00454632,0.000446609,3.4e-24,459324,T2D,TRUE,reported,IOkTfy,textfile
rs10974438,9,4291928,A,C,0.648857,-0.00252536,0.000432429,6.1e-09,459324,T2D,TRUE,reported,IOkTfy,textfile
rs10811660,9,22134068,G,A,0.826863,0.00634379,0.00054495,1.2e-31,459324,T2D,TRUE,reported,IOkTfy,textfile
rs2796441,9,84308948,G,A,0.581232,0.00336068,0.000417278,7.2e-16,459324,T2D,TRUE,reported,IOkTfy,textfile
rs28641468,9,139239585,T,C,0.244291,-0.00270341,0.000479157,3.6e-08,459324,T2D,TRUE,reported,IOkTfy,textfile
rs11257655,10,12307894,C,T,0.791757,-0.00383558,0.000507477,6.6e-14,459324,T2D,TRUE,reported,IOkTfy,textfile
rs703972,10,80952826,G,C,0.539831,0.0032261,0.00041368,3.2e-15,459324,T2D,TRUE,reported,IOkTfy,textfile
rs34744311,10,94467287,C,T,0.62275,0.00458577,0.000426033,3.3e-27,459324,T2D,TRUE,reported,IOkTfy,textfile
rs34872471,10,114754071,T,C,0.708395,-0.0138016,0.000454002,1e-200,459324,T2D,TRUE,reported,IOkTfy,textfile
rs7482891,11,2197112,A,G,0.378267,0.00277744,0.00042604,5.9e-11,459324,T2D,TRUE,reported,IOkTfy,textfile
rs2237895,11,2857194,A,C,0.584206,-0.00414808,0.000417651,1.8e-23,459324,T2D,TRUE,reported,IOkTfy,textfile
rs2074314,11,17411821,C,T,0.354222,0.003035,0.000431285,1.3e-12,459324,T2D,TRUE,reported,IOkTfy,textfile
rs2510078,11,65332273,C,T,0.722647,-0.00268225,0.000460648,8.6e-09,459324,T2D,TRUE,reported,IOkTfy,textfile
rs11602873,11,72460762,A,T,0.844052,0.00480755,0.000568406,5.2e-17,459324,T2D,TRUE,reported,IOkTfy,textfile
rs10830963,11,92708710,C,G,0.724828,-0.00378514,0.000461095,1.3e-16,459324,T2D,TRUE,reported,IOkTfy,textfile
rs76895963,12,4384844,T,G,0.979277,0.0185988,0.001597,1.9e-32,459324,T2D,TRUE,reported,IOkTfy,textfile
rs140409875,12,31685333,C,G,0.99844,-0.0320398,0.00552522,1.2e-08,459324,T2D,TRUE,reported,IOkTfy,textfile
rs2258238,12,66221060,A,T,0.893686,-0.00478859,0.000671682,1.7e-12,459324,T2D,TRUE,reported,IOkTfy,textfile
rs1169299,12,121429194,T,C,0.536781,-0.00233484,0.00041492,1.9e-08,459324,T2D,TRUE,reported,IOkTfy,textfile
rs7988007,13,58988271,A,C,0.825436,0.00296168,0.00054395,3.1e-08,459324,T2D,TRUE,reported,IOkTfy,textfile
rs1215468,13,80707429,A,G,0.708303,0.00410557,0.000456374,4.1e-19,459324,T2D,TRUE,reported,IOkTfy,textfile
rs4287436,13,109940863,T,C,0.380885,-0.00244299,0.000424372,5.6e-09,459324,T2D,TRUE,reported,IOkTfy,textfile
rs34715063,15,38873115,T,C,0.871555,-0.00454872,0.000620095,3.7e-13,459324,T2D,TRUE,reported,IOkTfy,textfile
rs12910361,15,77782335,A,G,0.287228,-0.00308473,0.000455526,1.2e-11,459324,T2D,TRUE,reported,IOkTfy,textfile
rs8031576,15,90380214,C,A,0.281036,0.0027646,0.00045908,3.3e-09,459324,T2D,TRUE,reported,IOkTfy,textfile
rs1421085,16,53800954,T,C,0.596588,-0.004714,0.00042044,3.1e-29,459324,T2D,TRUE,reported,IOkTfy,textfile
rs72802365,16,75246035,G,C,0.921903,0.00582856,0.000770441,5.7e-14,459324,T2D,TRUE,reported,IOkTfy,textfile
rs2278524,17,4081975,G,A,0.69158,-0.00250705,0.000447319,1.4e-08,459324,T2D,TRUE,reported,IOkTfy,textfile
rs7501939,17,36101156,T,C,0.397762,0.0035879,0.000421463,1e-17,459324,T2D,TRUE,reported,IOkTfy,textfile
rs12967878,18,57826570,T,C,0.772578,-0.00327059,0.000493183,2.7e-11,459324,T2D,TRUE,reported,IOkTfy,textfile
rs2303700,19,7976529,T,C,0.32035,0.0027028,0.000447639,2.4e-09,459324,T2D,TRUE,reported,IOkTfy,textfile
rs10420309,19,46150182,A,G,0.562448,0.00307295,0.000417725,2.1e-13,459324,T2D,TRUE,reported,IOkTfy,textfile
rs7274168,20,32435978,C,T,0.520983,-0.00241758,0.000415418,2.1e-09,459324,T2D,TRUE,reported,IOkTfy,textfile
rs1800961,20,43042364,C,T,0.96896,-0.0080155,0.00118874,1.6e-11,459324,T2D,TRUE,reported,IOkTfy,textfile
