SNP,chr.exposure,pos.exposure,effect_allele.exposure,other_allele.exposure,eaf.exposure,beta.exposure,se.exposure,pval.exposure,exposure,mr_keep.exposure,pval_origin.exposure,id.exposure,data_source.exposure
rs35198068,10,114754784,C,T,0.29,0.061,0.00535,4.09237064334679e-30,health_span,TRUE,reported,ig6TTe,textfile
rs2912774,10,123348662,G,T,0.61,-0.0279,0.00497,1.98065960643713e-08,health_span,TRUE,reported,ig6TTe,textfile
rs1126809,11,89017961,A,G,0.3,0.0398,0.00529,5.32761842021276e-14,health_span,TRUE,reported,ig6TTe,textfile
rs4268748,16,90026512,C,T,0.31,0.0381,0.00525,3.95352102079747e-13,health_span,TRUE,reported,ig6TTe,textfile
rs12134662,1,17724767,G,A,0.39,0.0275,0.00498,3.34993951421088e-08,health_span,TRUE,reported,ig6TTe,textfile
rs10197246,2,202204741,C,T,0.73,-0.0334,0.00552,1.44195738225456e-09,health_span,TRUE,reported,ig6TTe,textfile
rs140570886,6,161013013,C,T,0.016,0.116,0.0201,7.873502299783e-09,health_span,TRUE,reported,ig6TTe,textfile
rs1049053,6,32634405,T,C,0.67,0.0365,0.00527,4.32918068045646e-12,health_span,TRUE,reported,ig6TTe,textfile
rs1042174,6,33037626,G,C,0.12,-0.0414,0.00741,2.30966510696247e-08,health_span,TRUE,reported,ig6TTe,textfile
rs7859727,9,22102165,T,C,0.49,0.0307,0.00486,2.66909733691832e-10,health_span,TRUE,reported,ig6TTe,textfile
rs10455872,6,161010118,G,A,0.081,0.0574,0.00895,1.42302172278568e-10,health_span,TRUE,reported,ig6TTe,textfile
rs12203592,6,396321,T,C,0.21,0.063,0.00589,1.06158160071799e-26,health_span,TRUE,reported,ig6TTe,textfile
rs159428,20,31099311,C,T,0.53,0.0278,0.00486,1.06420900857988e-08,health_span,TRUE,reported,ig6TTe,textfile
rs4784227,16,52599188,T,C,0.24,0.0324,0.00569,1.23951465262686e-08,health_span,TRUE,reported,ig6TTe,textfile
