chr.exposure,pos.exposure,effect_allele.exposure,other_allele.exposure,beta.exposure,se.exposure,eaf.exposure,pval.exposure,SNP,samplesize.exposure,exposure,mr_keep.exposure,pval_origin.exposure,id.exposure,data_source.exposure
3,98429219,C,G,0.0812,0.012,0.4558,1.32e-11,rs73133996,14288,TNFSF12,TRUE,reported,9xwBEj,textfile
3,143021856,C,G,0.1192,0.014,0.748,1.68e-17,rs9842051,14288,TNFSF12,TRUE,reported,9xwBEj,textfile
4,103188709,T,C,0.2027,0.0236,0.0696,8.77e-18,rs13107325,14733,TNFSF12,TRUE,reported,9xwBEj,textfile
9,136154168,T,C,0.1098,0.0157,0.7888,2.68e-12,rs579459,11785,TNFSF12,TRUE,reported,9xwBEj,textfile
10,17895807,T,C,0.1082,0.0193,0.2616,2.07e-08,rs201375822,10692,TNFSF12,TRUE,reported,9xwBEj,textfile
11,11644391,A,G,0.0692,0.0125,0.3558,3.09e-08,rs10831650,14288,TNFSF12,TRUE,reported,9xwBEj,textfile
17,7451110,T,C,0.211,0.0129,0.2563,3.9e-60,rs34790908,14732,TNFSF12,TRUE,reported,9xwBEj,textfile
17,7789542,A,G,-0.1386,0.0238,0.0779,5.76e-09,rs7503751,14288,TNFSF12,TRUE,reported,9xwBEj,textfile
