chr.exposure,SNP,pos.exposure,effect_allele.exposure,other_allele.exposure,samplesize.exposure,eaf.exposure,beta.exposure,se.exposure,pval.exposure,exposure,mr_keep.exposure,pval_origin.exposure,id.exposure,data_source.exposure
1,rs4403590,188282718,A,C,436809,0.0511826,0.485126,0.0952612,3.53198e-07,AMD,TRUE,reported,cirphK,textfile
2,rs150270115,127731419,A,T,455539,0.000942839,4.06449,0.873986,3.311e-06,AMD,TRUE,reported,cirphK,textfile
3,rs141021867,117945661,T,C,453821,0.0111266,0.942594,0.203165,3.49156e-06,AMD,TRUE,reported,cirphK,textfile
4,rs189290432,126568500,G,A,451543,0.00787633,1.24007,0.251674,8.33878e-07,AMD,TRUE,reported,cirphK,textfile
5,rs144280099,93008188,G,A,448660,0.0270773,0.584113,0.126861,4.13722e-06,AMD,TRUE,reported,cirphK,textfile
6,rs551126730,66789873,C,T,454815,0.00162484,2.90499,0.626377,3.5219e-06,AMD,TRUE,reported,cirphK,textfile
6,rs111998897,146714344,A,T,454530,0.0346831,0.519427,0.111558,3.22208e-06,AMD,TRUE,reported,cirphK,textfile
6,rs191697818,159217112,A,G,455064,0.0012262,3.25563,0.711133,4.6926e-06,AMD,TRUE,reported,cirphK,textfile
8,rs576868959,40885300,T,C,454848,0.00146752,3.27539,0.652249,5.12216e-07,AMD,TRUE,reported,cirphK,textfile
8,rs34840657,128639837,T,C,455953,0.0597562,0.391962,0.0849653,3.96508e-06,AMD,TRUE,reported,cirphK,textfile
9,rs186084339,123624045,C,G,454383,0.00174302,2.76559,0.590425,2.81247e-06,AMD,TRUE,reported,cirphK,textfile
10,rs59479412,67310085,C,T,442113,0.0128791,0.883379,0.192267,4.33704e-06,AMD,TRUE,reported,cirphK,textfile
10,rs566108895,124216823,T,G,448042,0.203626,0.239479,0.0497254,1.46447e-06,AMD,TRUE,reported,cirphK,textfile
12,rs17180732,5507249,A,G,453907,0.253327,0.226632,0.0458689,7.77739e-07,AMD,TRUE,reported,cirphK,textfile
13,rs140325656,47294087,T,C,455047,0.032011,0.583307,0.117786,7.33562e-07,AMD,TRUE,reported,cirphK,textfile
14,rs1860104,72457037,A,T,454774,0.415227,0.185249,0.0401564,3.9655e-06,AMD,TRUE,reported,cirphK,textfile
14,rs35635404,105246681,A,G,451866,0.0106602,1.06378,0.2135,6.27484e-07,AMD,TRUE,reported,cirphK,textfile
15,rs1913424,33620391,C,T,450304,0.226576,-0.218709,0.0476972,4.5319e-06,AMD,TRUE,reported,cirphK,textfile
17,rs34879372,1427563,C,G,440812,0.379985,0.201095,0.041482,1.24863e-06,AMD,TRUE,reported,cirphK,textfile
18,rs182857222,59178246,C,G,453562,0.00236131,2.39838,0.506369,2.17532e-06,AMD,TRUE,reported,cirphK,textfile
19,rs150165826,18206334,A,G,454328,0.00173443,3.07137,0.611154,5.02082e-07,AMD,TRUE,reported,cirphK,textfile
20,rs77757489,58720175,A,G,455622,0.0015221,3.13263,0.634946,8.06853e-07,AMD,TRUE,reported,cirphK,textfile
