chr.exposure,pos.exposure,effect_allele.exposure,other_allele.exposure,eaf.exposure,beta.exposure,se.exposure,pval.exposure,samplesize.exposure,SNP,exposure,mr_keep.exposure,pval_origin.exposure,id.exposure,data_source.exposure
1,21705436,T,C,0.54,0.0971,0.0213,4.981e-06,11050,rs12143832,longevity,TRUE,reported,Fhw6Vk,textfile
12,56117570,T,C,0.1,-0.1849,0.0369,5.426e-07,11050,rs3138136,longevity,TRUE,reported,Fhw6Vk,textfile
18,47212159,A,G,0.51,-0.0951,0.0199,1.799e-06,11050,rs66781087,longevity,TRUE,reported,Fhw6Vk,textfile
19,33458479,C,G,0.13,-0.1563,0.0299,1.725e-07,11615,rs62127362,longevity,TRUE,reported,Fhw6Vk,textfile
19,45411941,T,C,0.87,0.5098,0.0322,1.278e-56,10878,rs429358,longevity,TRUE,reported,Fhw6Vk,textfile
2,34027702,A,G,0.98,-0.6328,0.1362,3.354e-06,5827,rs72782059,longevity,TRUE,reported,Fhw6Vk,textfile
2,53380757,T,C,0.05,0.292,0.058,4.892e-07,10867,rs116362179,longevity,TRUE,reported,Fhw6Vk,textfile
22,49379342,A,G,0.45,-0.1187,0.0249,1.788e-06,11050,rs4629269,longevity,TRUE,reported,Fhw6Vk,textfile
4,8565547,A,G,0.04,-0.4076,0.0744,4.284e-08,8023,rs7676745,longevity,TRUE,reported,Fhw6Vk,textfile
5,159244242,A,G,0.07,-0.2011,0.0417,1.412e-06,11050,rs6899162,longevity,TRUE,reported,Fhw6Vk,textfile
6,109009194,A,G,0.64,-0.0954,0.0202,2.381e-06,11615,rs1268162,longevity,TRUE,reported,Fhw6Vk,textfile
6,127170737,T,C,0.43,-0.0982,0.0202,1.131e-06,11615,rs115992547,longevity,TRUE,reported,Fhw6Vk,textfile
6,15364022,A,G,0.07,0.1831,0.04,4.705e-06,11615,rs78823412,longevity,TRUE,reported,Fhw6Vk,textfile
6,84086807,A,G,0.97,0.4183,0.0898,3.187e-06,9025,rs118122226,longevity,TRUE,reported,Fhw6Vk,textfile
7,94566363,T,C,0.49,0.0924,0.0192,1.477e-06,11615,rs10281737,longevity,TRUE,reported,Fhw6Vk,textfile
8,3487442,T,G,0.79,0.1138,0.0238,1.743e-06,11615,rs2245017,longevity,TRUE,reported,Fhw6Vk,textfile
8,55480518,A,G,0.61,-0.0906,0.0197,4.245e-06,11615,rs7836982,longevity,TRUE,reported,Fhw6Vk,textfile
9,107172600,T,G,0.02,0.357,0.0766,3.196e-06,10711,rs77916040,longevity,TRUE,reported,Fhw6Vk,textfile
