chr.exposure,pos.exposure,effect_allele.exposure,other_allele.exposure,beta.exposure,se.exposure,eaf.exposure,pval.exposure,SNP,samplesize.exposure,exposure,mr_keep.exposure,pval_origin.exposure,id.exposure,data_source.exposure
1,196710916,T,C,-0.1191,0.0147,0.8073,5.4e-16,rs16840522,14725,TRAIL,TRUE,reported,R9kv9u,textfile
3,172130799,T,G,0.1252,0.02,0.1051,3.85e-10,rs490342,13228,TRAIL,TRUE,reported,R9kv9u,textfile
3,172274232,A,C,0.5818,0.0399,0.9715,3.69e-48,rs574044675,13173,TRAIL,TRUE,reported,R9kv9u,textfile
3,186449122,A,G,0.285,0.0187,0.886,1.9e-52,rs5030044,14287,TRAIL,TRUE,reported,R9kv9u,textfile
6,90047013,A,G,0.0655,0.0118,0.4536,2.84e-08,rs1065657,14287,TRAIL,TRUE,reported,R9kv9u,textfile
11,61549025,A,G,0.0787,0.0121,0.3509,7.81e-11,rs174533,14732,TRAIL,TRUE,reported,R9kv9u,textfile
14,94844947,T,C,0.6692,0.044,0.0205,3.08e-52,rs28929474,14735,TRAIL,TRUE,reported,R9kv9u,textfile
17,64224775,T,C,0.2575,0.037,0.029,3.42e-12,rs8178824,14735,TRAIL,TRUE,reported,R9kv9u,textfile
18,29804863,A,T,-0.0894,0.0115,0.4593,7.61e-15,rs654488,14735,TRAIL,TRUE,reported,R9kv9u,textfile
19,44153100,A,G,0.3554,0.0163,0.8425,2.14e-105,rs4760,14287,TRAIL,TRUE,reported,R9kv9u,textfile
