pval.exposure,chr.exposure,pos.exposure,effect_allele.exposure,other_allele.exposure,beta.exposure,se.exposure,samplesize.exposure,SNP,exposure,mr_keep.exposure,pval_origin.exposure,id.exposure,eaf.exposure,data_source.exposure
1.03119e-08,10,103488504,C,T,-0.36297,0.063377,29506,rs2986037,Cardio,TRUE,reported,qCjx1w,NA,textfile
1.26823e-08,2,178693639,C,T,0.429256,0.0754152,29506,rs2042995,Cardio,TRUE,reported,qCjx1w,NA,textfile
2.24302e-12,7,74049399,C,T,0.445289,0.0634182,29506,rs111064941,Cardio,TRUE,reported,qCjx1w,NA,textfile
1.17192e-08,8,74825583,T,C,-0.366672,0.0642676,29506,rs1991860,Cardio,TRUE,reported,qCjx1w,NA,textfile
