id.exposure,id.outcome,outcome,exposure,method,nsnp,b,se,pval,egger_intercept.ple,se.ple,pval.ple,Q.het,Q_df.het,Q_pval.het,IV_list
mMXFep,GEEVjL,C3,k__Bacteria.p__Actinobacteria.c__Actinobacteria.o__Coriobacteriales,MR Egger,4,-0.218414319744301,0.89934183866172,0.830749432362822,0.030600987368954,0.0867739344630963,0.758046586648308,1.85664353319091,3,0.602686913087433,rs11652058; rs2907732; rs4234207; rs550057
mMXFep,GEEVjL,C3,k__Bacteria.p__Actinobacteria.c__Actinobacteria.o__Coriobacteriales,Inverse variance weighted,4,0.0956058817861093,0.126125350294103,0.448437378156982,NA,NA,NA,NA,NA,NA,rs11652058; rs2907732; rs4234207; rs550057
mMXFep,GEEVjL,C3,k__Bacteria.p__Actinobacteria.c__Actinobacteria.o__Coriobacteriales,Weighted median,4,0.141472298017122,0.146845401884444,0.335341914457647,NA,NA,NA,NA,NA,NA,rs11652058; rs2907732; rs4234207; rs550057
mMXFep,GEEVjL,C3,k__Bacteria.p__Actinobacteria.c__Actinobacteria.o__Coriobacteriales,MR-PRESSO,4,0.00210130377518338,0.0926047770622811,0.982774391037318,NA,NA,NA,NA,NA,NA,rs11652058; rs2907732; rs4234207; rs550057
