id.exposure,id.outcome,outcome,exposure,method,nsnp,b,se,pval,egger_intercept.ple,se.ple,pval.ple,Q.het,Q_df.het,Q_pval.het,IV_list
It0E9E,b6u72y,C3,k__Bacteria.p__Actinobacteria.c__Actinobacteria.o__Coriobacteriales.f__Coriobacteriaceae,MR Egger,4,-0.217476045002522,0.898780014611075,0.831353448945001,0.0305105659728572,0.0867175779094113,0.758572176635591,1.85650294150587,3,0.602717117889123,rs11652058; rs2907732; rs4234207; rs550057
It0E9E,b6u72y,C3,k__Bacteria.p__Actinobacteria.c__Actinobacteria.o__Coriobacteriales.f__Coriobacteriaceae,Inverse variance weighted,4,0.0956199462725014,0.126128474972159,0.448381867907385,NA,NA,NA,NA,NA,NA,rs11652058; rs2907732; rs4234207; rs550057
It0E9E,b6u72y,C3,k__Bacteria.p__Actinobacteria.c__Actinobacteria.o__Coriobacteriales.f__Coriobacteriaceae,Weighted median,4,0.141481404329242,0.14536331589511,0.330406652808064,NA,NA,NA,NA,NA,NA,rs11652058; rs2907732; rs4234207; rs550057
It0E9E,b6u72y,C3,k__Bacteria.p__Actinobacteria.c__Actinobacteria.o__Coriobacteriales.f__Coriobacteriaceae,MR-PRESSO,4,0.00210843288387268,0.0926092453454875,0.98271679544452,NA,NA,NA,NA,NA,NA,rs11652058; rs2907732; rs4234207; rs550057
