id.exposure,id.outcome,outcome,exposure,method,nsnp,b,se,pval,egger_intercept.ple,se.ple,pval.ple,Q.het,Q_df.het,Q_pval.het,IV_list
It0E9E,Kk2DvV,AMD,k__Bacteria.p__Actinobacteria.c__Actinobacteria.o__Coriobacteriales.f__Coriobacteriaceae,MR Egger,6,0.932815486897477,0.489564014403826,0.129430287272249,-0.0829075782584075,0.048694944734884,0.1638566892982,7.91741736899199,5,0.160846030271819,rs11652058; rs28806584; rs2907732; rs4234207; rs550057; rs78362376
It0E9E,Kk2DvV,AMD,k__Bacteria.p__Actinobacteria.c__Actinobacteria.o__Coriobacteriales.f__Coriobacteriaceae,Inverse variance weighted,6,0.110127131786299,0.0924366740038292,0.233504750172364,NA,NA,NA,NA,NA,NA,rs11652058; rs28806584; rs2907732; rs4234207; rs550057; rs78362376
It0E9E,Kk2DvV,AMD,k__Bacteria.p__Actinobacteria.c__Actinobacteria.o__Coriobacteriales.f__Coriobacteriaceae,Weighted median,6,0.0413766302924318,0.104532372745906,0.692233399657041,NA,NA,NA,NA,NA,NA,rs11652058; rs28806584; rs2907732; rs4234207; rs550057; rs78362376
It0E9E,Kk2DvV,AMD,k__Bacteria.p__Actinobacteria.c__Actinobacteria.o__Coriobacteriales.f__Coriobacteriaceae,MR-PRESSO,6,0.110127131786299,0.0924366740038292,0.286968960551232,NA,NA,NA,NA,NA,NA,rs11652058; rs28806584; rs2907732; rs4234207; rs550057; rs78362376
