id.exposure,id.outcome,outcome,exposure,method,nsnp,b,se,pval,egger_intercept.ple,se.ple,pval.ple,Q.het,Q_df.het,Q_pval.het,IV_list
mMXFep,8hn6Xe,AMD,k__Bacteria.p__Actinobacteria.c__Actinobacteria.o__Coriobacteriales,MR Egger,6,0.932858930950319,0.490110297431571,0.129734353384483,-0.0829157820491346,0.0487505595952597,0.164197657805983,7.91853202485195,5,0.160783009397907,rs11652058; rs28806584; rs2907732; rs4234207; rs550057; rs78362376
mMXFep,8hn6Xe,AMD,k__Bacteria.p__Actinobacteria.c__Actinobacteria.o__Coriobacteriales,Inverse variance weighted,6,0.110096933328225,0.0924407566512071,0.23365361818945,NA,NA,NA,NA,NA,NA,rs11652058; rs28806584; rs2907732; rs4234207; rs550057; rs78362376
mMXFep,8hn6Xe,AMD,k__Bacteria.p__Actinobacteria.c__Actinobacteria.o__Coriobacteriales,Weighted median,6,0.0413391762097147,0.104353775497689,0.691998417548591,NA,NA,NA,NA,NA,NA,rs11652058; rs28806584; rs2907732; rs4234207; rs550057; rs78362376
mMXFep,8hn6Xe,AMD,k__Bacteria.p__Actinobacteria.c__Actinobacteria.o__Coriobacteriales,MR-PRESSO,6,0.110096933328225,0.0924407566512071,0.287105062411492,NA,NA,NA,NA,NA,NA,rs11652058; rs28806584; rs2907732; rs4234207; rs550057; rs78362376
