id.exposure,id.outcome,outcome,exposure,method,nsnp,b,se,pval,egger_intercept.ple,se.ple,pval.ple,Q.het,Q_df.het,Q_pval.het,IV_list
M6vH46,Nzt4Fu,Cardiovascular ageing,TRPSYN.PWY..L.tryptophan.biosynthesis,MR Egger,4,-0.133768834861481,1.31766582845337,0.928399088173398,-0.00897242872615759,0.144680412782116,0.956190518281377,0.76732347249704,3,0.857265782282351,rs17399145; rs1990421; rs2935713; rs62241211
M6vH46,Nzt4Fu,Cardiovascular ageing,TRPSYN.PWY..L.tryptophan.biosynthesis,Inverse variance weighted,4,-0.211491420117385,0.406867042092247,0.603199670007972,NA,NA,NA,NA,NA,NA,rs17399145; rs1990421; rs2935713; rs62241211
M6vH46,Nzt4Fu,Cardiovascular ageing,TRPSYN.PWY..L.tryptophan.biosynthesis,Weighted median,4,-0.264156140376189,0.44419864218296,0.552057254935594,NA,NA,NA,NA,NA,NA,rs17399145; rs1990421; rs2935713; rs62241211
M6vH46,Nzt4Fu,Cardiovascular ageing,TRPSYN.PWY..L.tryptophan.biosynthesis,MR-PRESSO,4,-0.211491420117385,0.205769558630806,0.37966317138977,NA,NA,NA,NA,NA,NA,rs17399145; rs1990421; rs2935713; rs62241211
