id.exposure,id.outcome,outcome,exposure,method,nsnp,b,se,pval,egger_intercept.ple,se.ple,pval.ple,Q.het,Q_df.het,Q_pval.het,IV_list
joa6g0,wQuMtf,Cardiovascular ageing,k__Bacteria.p__Proteobacteria.c__Gammaproteobacteria.o__Enterobacteriales.f__Enterobacteriaceae.g__Escherichia.s__Escherichia_unclassified,MR Egger,3,2.23188880056705,1.11585227992505,0.295146213963296,-0.331188714659332,0.153450532862222,0.276220309276993,5.39024356923248,2,0.0675341566520371,rs115534005; rs12300342; rs2791437
joa6g0,wQuMtf,Cardiovascular ageing,k__Bacteria.p__Proteobacteria.c__Gammaproteobacteria.o__Enterobacteriales.f__Enterobacteriaceae.g__Escherichia.s__Escherichia_unclassified,Inverse variance weighted,3,-0.0630728129740957,0.555399505943493,0.909584249412225,NA,NA,NA,NA,NA,NA,rs115534005; rs12300342; rs2791437
joa6g0,wQuMtf,Cardiovascular ageing,k__Bacteria.p__Proteobacteria.c__Gammaproteobacteria.o__Enterobacteriales.f__Enterobacteriaceae.g__Escherichia.s__Escherichia_unclassified,Weighted median,3,-0.423934130039022,0.480790581464013,0.377915351586324,NA,NA,NA,NA,NA,NA,rs115534005; rs12300342; rs2791437
joa6g0,wQuMtf,Cardiovascular ageing,k__Bacteria.p__Proteobacteria.c__Gammaproteobacteria.o__Enterobacteriales.f__Enterobacteriaceae.g__Escherichia.s__Escherichia_unclassified,MR-PRESSO,3,-0.00388281721029361,0.411532924216915,0.993064412424441,NA,NA,NA,NA,NA,NA,rs115534005; rs12300342; rs2791437
