id.exposure,id.outcome,outcome,exposure,method,nsnp,b,se,pval,egger_intercept.ple,se.ple,pval.ple,Q.het,Q_df.het,Q_pval.het,IV_list
EtyxFO,0nCkPw,Cardiovascular ageing,k__Bacteria.p__Firmicutes.c__Negativicutes.o__Selenomonadales,MR Egger,3,-0.466613562773069,1.51006060780366,0.80920759468953,0.0280234775646825,0.190682414374342,0.907104710252235,0.0978842227697269,2,0.952236251740916,rs12979658; rs77764206; rs78791321
EtyxFO,0nCkPw,Cardiovascular ageing,k__Bacteria.p__Firmicutes.c__Negativicutes.o__Selenomonadales,Inverse variance weighted,3,-0.254325552779059,0.440154624435621,0.56339269575604,NA,NA,NA,NA,NA,NA,rs12979658; rs77764206; rs78791321
EtyxFO,0nCkPw,Cardiovascular ageing,k__Bacteria.p__Firmicutes.c__Negativicutes.o__Selenomonadales,Weighted median,3,-0.196106439531905,0.503808836114983,0.697092907793869,NA,NA,NA,NA,NA,NA,rs12979658; rs77764206; rs78791321
EtyxFO,0nCkPw,Cardiovascular ageing,k__Bacteria.p__Firmicutes.c__Negativicutes.o__Selenomonadales,MR-PRESSO,3,NA,NA,NA,NA,NA,NA,NA,NA,NA,rs12979658; rs77764206; rs78791321
