id.exposure,id.outcome,outcome,exposure,method,nsnp,b,se,pval,egger_intercept.ple,se.ple,pval.ple,Q.het,Q_df.het,Q_pval.het,IV_list
PIIDb1,jxMb9x,Cardiovascular ageing,k__Bacteria.p__Actinobacteria.c__Actinobacteria.o__Bifidobacteriales,MR Egger,4,-0.926185046266423,1.24502343865396,0.534456071276991,0.0489892991257756,0.123488862116395,0.729908939289315,1.07909858250224,3,0.782122013434438,rs10455532; rs12657170; rs4859454; rs74452406
PIIDb1,jxMb9x,Cardiovascular ageing,k__Bacteria.p__Actinobacteria.c__Actinobacteria.o__Bifidobacteriales,Inverse variance weighted,4,-0.457295901220691,0.391270706708445,0.242506159988158,NA,NA,NA,NA,NA,NA,rs10455532; rs12657170; rs4859454; rs74452406
PIIDb1,jxMb9x,Cardiovascular ageing,k__Bacteria.p__Actinobacteria.c__Actinobacteria.o__Bifidobacteriales,Weighted median,4,-0.424654449305617,0.442821067982197,0.337571208077199,NA,NA,NA,NA,NA,NA,rs10455532; rs12657170; rs4859454; rs74452406
PIIDb1,jxMb9x,Cardiovascular ageing,k__Bacteria.p__Actinobacteria.c__Actinobacteria.o__Bifidobacteriales,MR-PRESSO,4,-0.457295901220691,0.23466443183433,0.146456533403987,NA,NA,NA,NA,NA,NA,rs10455532; rs12657170; rs4859454; rs74452406
