id.exposure,id.outcome,outcome,exposure,method,nsnp,b,se,pval,egger_intercept.ple,se.ple,pval.ple,Q.het,Q_df.het,Q_pval.het,IV_list
EGWr2w,hcrI2z,Cardiovascular ageing,HISTSYN.PWY..L.histidine.biosynthesis,MR Egger,5,-0.438317551439025,0.980854834000921,0.685257712208343,0.0222314457613049,0.122665496662175,0.867735203206744,0.553160654473218,4,0.968123667875942,rs10005886; rs10772275; rs12098656; rs7145596; rs78778914
EGWr2w,hcrI2z,Cardiovascular ageing,HISTSYN.PWY..L.histidine.biosynthesis,Inverse variance weighted,5,-0.273208647289162,0.36349565407454,0.4522828497209,NA,NA,NA,NA,NA,NA,rs10005886; rs10772275; rs12098656; rs7145596; rs78778914
EGWr2w,hcrI2z,Cardiovascular ageing,HISTSYN.PWY..L.histidine.biosynthesis,Weighted median,5,-0.292626718225546,0.438054863924503,0.504124748684168,NA,NA,NA,NA,NA,NA,rs10005886; rs10772275; rs12098656; rs7145596; rs78778914
EGWr2w,hcrI2z,Cardiovascular ageing,HISTSYN.PWY..L.histidine.biosynthesis,MR-PRESSO,5,-0.273208647289162,0.135174529953984,0.113348528163172,NA,NA,NA,NA,NA,NA,rs10005886; rs10772275; rs12098656; rs7145596; rs78778914
