id.exposure,id.outcome,outcome,exposure,method,nsnp,b,se,pval,egger_intercept.ple,se.ple,pval.ple,Q.het,Q_df.het,Q_pval.het,IV_list
ch8Ngg,9ibxgN,Cardiovascular ageing,LACTOSECAT.PWY..lactose.and.galactose.degradation.I,MR Egger,5,-0.535398027296168,1.59871398280893,0.759754685404784,0.0381941448205509,0.223616667531032,0.875249582218396,8.47675790929007,4,0.0755948693398786,rs118184992; rs4960590; rs507666; rs7147611; rs9982657
ch8Ngg,9ibxgN,Cardiovascular ageing,LACTOSECAT.PWY..lactose.and.galactose.degradation.I,Inverse variance weighted,5,-0.277069818057411,0.450841320250292,0.538844199967422,NA,NA,NA,NA,NA,NA,rs118184992; rs4960590; rs507666; rs7147611; rs9982657
ch8Ngg,9ibxgN,Cardiovascular ageing,LACTOSECAT.PWY..lactose.and.galactose.degradation.I,Weighted median,5,-0.190777395454984,0.464769188338945,0.681455546055908,NA,NA,NA,NA,NA,NA,rs118184992; rs4960590; rs507666; rs7147611; rs9982657
ch8Ngg,9ibxgN,Cardiovascular ageing,LACTOSECAT.PWY..lactose.and.galactose.degradation.I,MR-PRESSO,5,-0.232878463206768,0.379865049133769,0.566649639926293,NA,NA,NA,NA,NA,NA,rs118184992; rs4960590; rs507666; rs7147611; rs9982657
