id.exposure,id.outcome,outcome,exposure,method,nsnp,b,se,pval,egger_intercept.ple,se.ple,pval.ple,Q.het,Q_df.het,Q_pval.het,IV_list
KppUBA,NBKVrG,Cardiovascular ageing,PYRIDNUCSYN.PWY..NAD.biosynthesis.I..from.aspartate.,MR Egger,4,0.270650488939869,1.5088994007046,0.874174649760039,-0.0110354038892096,0.188305566262295,0.958596456438751,1.21705979243731,3,0.748915643992533,rs1126742; rs148280750; rs169503; rs74459573
KppUBA,NBKVrG,Cardiovascular ageing,PYRIDNUCSYN.PWY..NAD.biosynthesis.I..from.aspartate.,Inverse variance weighted,4,0.185177462321624,0.386754332099141,0.63208185835698,NA,NA,NA,NA,NA,NA,rs1126742; rs148280750; rs169503; rs74459573
KppUBA,NBKVrG,Cardiovascular ageing,PYRIDNUCSYN.PWY..NAD.biosynthesis.I..from.aspartate.,Weighted median,4,0.0721537021480591,0.470619309228647,0.878148694706986,NA,NA,NA,NA,NA,NA,rs1126742; rs148280750; rs169503; rs74459573
KppUBA,NBKVrG,Cardiovascular ageing,PYRIDNUCSYN.PWY..NAD.biosynthesis.I..from.aspartate.,MR-PRESSO,4,0.0733280242266263,0.225493638252416,0.761336422044077,NA,NA,NA,NA,NA,NA,rs1126742; rs148280750; rs169503; rs74459573
