id.exposure,id.outcome,outcome,exposure,method,nsnp,b,se,pval,egger_intercept.ple,se.ple,pval.ple,Q.het,Q_df.het,Q_pval.het,IV_list
q47gor,B4Wr3S,Cardiovascular ageing,PWY.6353..purine.nucleotides.degradation.II..aerobic.,MR Egger,8,2.84237120119746,1.25974532251807,0.0648765399839424,-0.282273983669122,0.136874989015801,0.084788953302012,9.63787554300068,7,0.210040103727543,rs10801008; rs12201310; rs12336386; rs2137304; rs2895633; rs396769; rs4551833; rs7527876
q47gor,B4Wr3S,Cardiovascular ageing,PWY.6353..purine.nucleotides.degradation.II..aerobic.,Inverse variance weighted,8,0.308596183399221,0.326500039162556,0.344574998483141,NA,NA,NA,NA,NA,NA,rs10801008; rs12201310; rs12336386; rs2137304; rs2895633; rs396769; rs4551833; rs7527876
q47gor,B4Wr3S,Cardiovascular ageing,PWY.6353..purine.nucleotides.degradation.II..aerobic.,Weighted median,8,0.336111563539513,0.369393897593332,0.362875169663849,NA,NA,NA,NA,NA,NA,rs10801008; rs12201310; rs12336386; rs2137304; rs2895633; rs396769; rs4551833; rs7527876
q47gor,B4Wr3S,Cardiovascular ageing,PWY.6353..purine.nucleotides.degradation.II..aerobic.,MR-PRESSO,8,0.380771162944857,0.29756393164645,0.236536752474039,NA,NA,NA,NA,NA,NA,rs10801008; rs12201310; rs12336386; rs2137304; rs2895633; rs396769; rs4551833; rs7527876
