id.exposure,id.outcome,outcome,exposure,method,nsnp,b,se,pval,egger_intercept.ple,se.ple,pval.ple,Q.het,Q_df.het,Q_pval.het,IV_list
bBHlDu,ouE0E5,Cardiovascular ageing,k__Bacteria.p__Actinobacteria.c__Actinobacteria.o__Coriobacteriales.f__Coriobacteriaceae.g__Collinsella.s__Collinsella_aerofaciens,MR Egger,3,-3.17240644930815,11.4915855885742,0.828523537493103,0.326271753108506,1.2572994551855,0.838361248300375,6.51509649279667,2,0.0384826323831721,rs386274; rs550057; rs72845940
bBHlDu,ouE0E5,Cardiovascular ageing,k__Bacteria.p__Actinobacteria.c__Actinobacteria.o__Coriobacteriales.f__Coriobacteriaceae.g__Collinsella.s__Collinsella_aerofaciens,Inverse variance weighted,3,-0.202383418782564,0.754441364524585,0.788502276204516,NA,NA,NA,NA,NA,NA,rs386274; rs550057; rs72845940
bBHlDu,ouE0E5,Cardiovascular ageing,k__Bacteria.p__Actinobacteria.c__Actinobacteria.o__Coriobacteriales.f__Coriobacteriaceae.g__Collinsella.s__Collinsella_aerofaciens,Weighted median,3,-0.0154646304315225,0.610877808274999,0.979803371689154,NA,NA,NA,NA,NA,NA,rs386274; rs550057; rs72845940
bBHlDu,ouE0E5,Cardiovascular ageing,k__Bacteria.p__Actinobacteria.c__Actinobacteria.o__Coriobacteriales.f__Coriobacteriaceae.g__Collinsella.s__Collinsella_aerofaciens,MR-PRESSO,3,NA,NA,NA,NA,NA,NA,NA,NA,NA,rs386274; rs550057; rs72845940
