id.exposure,id.outcome,outcome,exposure,method,nsnp,b,se,pval,egger_intercept.ple,se.ple,pval.ple,Q.het,Q_df.het,Q_pval.het,IV_list
Pc94Bt,TFosDM,Cardiovascular ageing,k__Bacteria.p__Bacteroidetes.c__Bacteroidia.o__Bacteroidales.f__Rikenellaceae,MR Egger,3,-0.670667208450885,2.01854351284658,0.795786401114029,0.000492500923183449,0.253178869550594,0.99876160506331,1.34337315377077,2,0.510846269306375,rs11211406; rs2465506; rs73344869
Pc94Bt,TFosDM,Cardiovascular ageing,k__Bacteria.p__Bacteroidetes.c__Bacteroidia.o__Bacteroidales.f__Rikenellaceae,Inverse variance weighted,3,-0.666883957212489,0.466291458932189,0.152663371277701,NA,NA,NA,NA,NA,NA,rs11211406; rs2465506; rs73344869
Pc94Bt,TFosDM,Cardiovascular ageing,k__Bacteria.p__Bacteroidetes.c__Bacteroidia.o__Bacteroidales.f__Rikenellaceae,Weighted median,3,-0.82079720925618,0.570964578633273,0.150558256158971,NA,NA,NA,NA,NA,NA,rs11211406; rs2465506; rs73344869
Pc94Bt,TFosDM,Cardiovascular ageing,k__Bacteria.p__Bacteroidetes.c__Bacteroidia.o__Bacteroidales.f__Rikenellaceae,MR-PRESSO,3,NA,NA,NA,NA,NA,NA,NA,NA,NA,rs11211406; rs2465506; rs73344869
