id.exposure,id.outcome,outcome,exposure,method,nsnp,b,se,pval,egger_intercept.ple,se.ple,pval.ple,Q.het,Q_df.het,Q_pval.het,IV_list
mMXFep,S3DqMh,Cardiovascular ageing,k__Bacteria.p__Actinobacteria.c__Actinobacteria.o__Coriobacteriales,MR Egger,3,-3.6626590319657,9.72398942563343,0.770672289731457,0.362772341416258,1.02371337899728,0.783191651508362,5.93828468893912,2,0.0513473297738157,rs11652058; rs4234207; rs550057
mMXFep,S3DqMh,Cardiovascular ageing,k__Bacteria.p__Actinobacteria.c__Actinobacteria.o__Coriobacteriales,Inverse variance weighted,3,-0.235452603398063,0.758433235600132,0.756221778666218,NA,NA,NA,NA,NA,NA,rs11652058; rs4234207; rs550057
mMXFep,S3DqMh,Cardiovascular ageing,k__Bacteria.p__Actinobacteria.c__Actinobacteria.o__Coriobacteriales,Weighted median,3,0.339890812065084,0.602443298393685,0.572626721795118,NA,NA,NA,NA,NA,NA,rs11652058; rs4234207; rs550057
mMXFep,S3DqMh,Cardiovascular ageing,k__Bacteria.p__Actinobacteria.c__Actinobacteria.o__Coriobacteriales,MR-PRESSO,3,0.0556094971104841,0.506483905435381,0.917859763719833,NA,NA,NA,NA,NA,NA,rs11652058; rs4234207; rs550057
