id.exposure,id.outcome,outcome,exposure,method,nsnp,b,se,pval,egger_intercept.ple,se.ple,pval.ple,Q.het,Q_df.het,Q_pval.het,IV_list
evn1Ap,Q75zTa,Cardiovascular ageing,k__Bacteria.p__Firmicutes.c__Negativicutes,MR Egger,3,-0.466565570886399,1.50996438536346,0.809214621893472,0.028018577957931,0.190674074429421,0.907116717425799,0.0978860326235609,2,0.952235390037091,rs12979658; rs77764206; rs78791321
evn1Ap,Q75zTa,Cardiovascular ageing,k__Bacteria.p__Firmicutes.c__Negativicutes,Inverse variance weighted,3,-0.254319780899966,0.440145828196639,0.563393753235648,NA,NA,NA,NA,NA,NA,rs12979658; rs77764206; rs78791321
evn1Ap,Q75zTa,Cardiovascular ageing,k__Bacteria.p__Firmicutes.c__Negativicutes,Weighted median,3,-0.19610412623271,0.506017618172929,0.698353467190614,NA,NA,NA,NA,NA,NA,rs12979658; rs77764206; rs78791321
evn1Ap,Q75zTa,Cardiovascular ageing,k__Bacteria.p__Firmicutes.c__Negativicutes,MR-PRESSO,3,NA,NA,NA,NA,NA,NA,NA,NA,NA,rs12979658; rs77764206; rs78791321
