id.exposure,id.outcome,outcome,exposure,method,nsnp,b,se,pval,egger_intercept.ple,se.ple,pval.ple,Q.het,Q_df.het,Q_pval.het,IV_list
VwnQIe,3j958K,Cardiovascular ageing,PWY.7209..superpathway.of.pyrimidine.ribonucleosides.degradation,MR Egger,3,0.425348545547261,1.32820930288304,0.802697178605553,-0.0641436830614717,0.198403130629927,0.800933252495426,0.104751032430358,2,0.948972445385059,rs10489050; rs11215429; rs261555
VwnQIe,3j958K,Cardiovascular ageing,PWY.7209..superpathway.of.pyrimidine.ribonucleosides.degradation,Inverse variance weighted,3,0.0136447179009369,0.377468826373711,0.971164402156767,NA,NA,NA,NA,NA,NA,rs10489050; rs11215429; rs261555
VwnQIe,3j958K,Cardiovascular ageing,PWY.7209..superpathway.of.pyrimidine.ribonucleosides.degradation,Weighted median,3,0.0336128717190338,0.464560633349355,0.942320102996188,NA,NA,NA,NA,NA,NA,rs10489050; rs11215429; rs261555
VwnQIe,3j958K,Cardiovascular ageing,PWY.7209..superpathway.of.pyrimidine.ribonucleosides.degradation,MR-PRESSO,3,-0.0583327643330341,0.161925156840692,0.736880498497251,NA,NA,NA,NA,NA,NA,rs10489050; rs11215429; rs261555
