id.exposure,id.outcome,outcome,exposure,method,nsnp,b,se,pval,egger_intercept.ple,se.ple,pval.ple,Q.het,Q_df.het,Q_pval.het,IV_list
bMWQrG,gRRiDT,Cardiovascular ageing,GLYCOCAT.PWY..glycogen.degradation.I..bacterial.,MR Egger,5,2.6038097804577,1.45149519904357,0.170723282294324,-0.274693706665724,0.16515060219829,0.194841419380836,3.32433637190016,4,0.505085636085575,rs115001375; rs2056101; rs35296932; rs41474647; rs59657730
bMWQrG,gRRiDT,Cardiovascular ageing,GLYCOCAT.PWY..glycogen.degradation.I..bacterial.,Inverse variance weighted,5,0.241375533649233,0.299137349241938,0.419721004403774,NA,NA,NA,NA,NA,NA,rs115001375; rs2056101; rs35296932; rs41474647; rs59657730
bMWQrG,gRRiDT,Cardiovascular ageing,GLYCOCAT.PWY..glycogen.degradation.I..bacterial.,Weighted median,5,-0.054428288472018,0.396903269632021,0.890926161725764,NA,NA,NA,NA,NA,NA,rs115001375; rs2056101; rs35296932; rs41474647; rs59657730
bMWQrG,gRRiDT,Cardiovascular ageing,GLYCOCAT.PWY..glycogen.degradation.I..bacterial.,MR-PRESSO,5,0.241375533649233,0.27270501579337,0.426094576824236,NA,NA,NA,NA,NA,NA,rs115001375; rs2056101; rs35296932; rs41474647; rs59657730
