id.exposure,id.outcome,outcome,exposure,method,nsnp,b,se,pval,egger_intercept.ple,se.ple,pval.ple,Q.het,Q_df.het,Q_pval.het,IV_list
QLTlgv,89jJkB,Cardiovascular ageing,k__Bacteria.p__Actinobacteria.c__Actinobacteria.o__Bifidobacteriales.f__Bifidobacteriaceae.g__Bifidobacterium.s__Bifidobacterium_adolescentis,MR Egger,5,-0.503960739728897,2.14452550521037,0.829336694066588,0.0707213348473053,0.232456659026063,0.780831600329143,8.95397463851787,4,0.0622602481213698,rs11986537; rs4256405; rs4351047; rs4646215; rs74394156
QLTlgv,89jJkB,Cardiovascular ageing,k__Bacteria.p__Actinobacteria.c__Actinobacteria.o__Bifidobacteriales.f__Bifidobacteriaceae.g__Bifidobacterium.s__Bifidobacterium_adolescentis,Inverse variance weighted,5,0.126112495264105,0.489485231540214,0.79668235890787,NA,NA,NA,NA,NA,NA,rs11986537; rs4256405; rs4351047; rs4646215; rs74394156
QLTlgv,89jJkB,Cardiovascular ageing,k__Bacteria.p__Actinobacteria.c__Actinobacteria.o__Bifidobacteriales.f__Bifidobacteriaceae.g__Bifidobacterium.s__Bifidobacterium_adolescentis,Weighted median,5,0.0787726935406178,0.473057498957001,0.867749144426582,NA,NA,NA,NA,NA,NA,rs11986537; rs4256405; rs4351047; rs4646215; rs74394156
QLTlgv,89jJkB,Cardiovascular ageing,k__Bacteria.p__Actinobacteria.c__Actinobacteria.o__Bifidobacteriales.f__Bifidobacteriaceae.g__Bifidobacterium.s__Bifidobacterium_adolescentis,MR-PRESSO,5,0.126112495264105,0.489485231540214,0.809394161939421,NA,NA,NA,NA,NA,NA,rs11986537; rs4256405; rs4351047; rs4646215; rs74394156
