id.exposure,id.outcome,outcome,exposure,method,nsnp,b,se,pval,egger_intercept.ple,se.ple,pval.ple,Q.het,Q_df.het,Q_pval.het,IV_list
5K0U9o,e6wI5s,Cardiovascular ageing,PWY.6708..ubiquinol.8.biosynthesis..prokaryotic.,MR Egger,3,-0.198944933863514,0.852490213768662,0.854044782465728,0.015384097649053,0.152257109487107,0.935893340905098,0.527975931792036,2,0.767982781585747,rs113976504; rs11898768; rs1624064
5K0U9o,e6wI5s,Cardiovascular ageing,PWY.6708..ubiquinol.8.biosynthesis..prokaryotic.,Inverse variance weighted,3,-0.117586224225913,0.279955517455984,0.674472649528309,NA,NA,NA,NA,NA,NA,rs113976504; rs11898768; rs1624064
5K0U9o,e6wI5s,Cardiovascular ageing,PWY.6708..ubiquinol.8.biosynthesis..prokaryotic.,Weighted median,3,-0.0549458609061627,0.332227734502524,0.868640066167652,NA,NA,NA,NA,NA,NA,rs113976504; rs11898768; rs1624064
5K0U9o,e6wI5s,Cardiovascular ageing,PWY.6708..ubiquinol.8.biosynthesis..prokaryotic.,MR-PRESSO,3,0.0340067909436307,0.185349623679838,0.86612633535723,NA,NA,NA,NA,NA,NA,rs113976504; rs11898768; rs1624064
