id.exposure,id.outcome,outcome,exposure,method,nsnp,b,se,pval,egger_intercept.ple,se.ple,pval.ple,Q.het,Q_df.het,Q_pval.het,IV_list
sKrGE1,syteb6,Cardiovascular ageing,PWY.5088..L.glutamate.degradation.VIII..to.propanoate.,MR Egger,4,0.788241115552999,0.629774401214274,0.337251023514785,-0.150450023342498,0.156597870789166,0.438059615245729,3.36844485386566,3,0.33822943958287,rs11732315; rs12028490; rs2127754; rs9927590
sKrGE1,syteb6,Cardiovascular ageing,PWY.5088..L.glutamate.degradation.VIII..to.propanoate.,Inverse variance weighted,4,0.215272066254071,0.199733220522972,0.281123910856281,NA,NA,NA,NA,NA,NA,rs11732315; rs12028490; rs2127754; rs9927590
sKrGE1,syteb6,Cardiovascular ageing,PWY.5088..L.glutamate.degradation.VIII..to.propanoate.,Weighted median,4,0.181946840174349,0.221058374028144,0.410467353593836,NA,NA,NA,NA,NA,NA,rs11732315; rs12028490; rs2127754; rs9927590
sKrGE1,syteb6,Cardiovascular ageing,PWY.5088..L.glutamate.degradation.VIII..to.propanoate.,MR-PRESSO,4,0.215272066254071,0.199733220522972,0.360067239702683,NA,NA,NA,NA,NA,NA,rs11732315; rs12028490; rs2127754; rs9927590
