id.exposure,id.outcome,outcome,exposure,method,nsnp,b,se,pval,egger_intercept.ple,se.ple,pval.ple,Q.het,Q_df.het,Q_pval.het,IV_list
90P52i,C814vA,Cardiovascular ageing,HISDEG.PWY..L.histidine.degradation.I,MR Egger,5,-2.00566274092375,1.68815274715919,0.320287912516915,0.206680640183043,0.164614580652115,0.298173198623122,2.56557211777318,4,0.632933823682604,rs11948304; rs12137024; rs1501270; rs2175835; rs6783574
90P52i,C814vA,Cardiovascular ageing,HISDEG.PWY..L.histidine.degradation.I,Inverse variance weighted,5,0.0675159085897259,0.351181686678102,0.847543640076532,NA,NA,NA,NA,NA,NA,rs11948304; rs12137024; rs1501270; rs2175835; rs6783574
90P52i,C814vA,Cardiovascular ageing,HISDEG.PWY..L.histidine.degradation.I,Weighted median,5,0.369705326770816,0.452028634645157,0.413425525714339,NA,NA,NA,NA,NA,NA,rs11948304; rs12137024; rs1501270; rs2175835; rs6783574
90P52i,C814vA,Cardiovascular ageing,HISDEG.PWY..L.histidine.degradation.I,MR-PRESSO,5,0.427930300100004,0.427863197926167,0.363148567888076,NA,NA,NA,NA,NA,NA,rs11948304; rs12137024; rs1501270; rs2175835; rs6783574
