id.exposure,id.outcome,outcome,exposure,method,nsnp,b,se,pval,egger_intercept.ple,se.ple,pval.ple,Q.het,Q_df.het,Q_pval.het,IV_list
fMwOoB,VSd2qW,Cardiovascular ageing,PWY.6612..superpathway.of.tetrahydrofolate.biosynthesis,MR Egger,4,0.135550001540291,1.24235754962056,0.92307823192707,-0.0151033242410061,0.172581955759684,0.938236454480039,0.721026892205415,3,0.868247419764155,rs1027949; rs1573442; rs17155574; rs17824268
fMwOoB,VSd2qW,Cardiovascular ageing,PWY.6612..superpathway.of.tetrahydrofolate.biosynthesis,Inverse variance weighted,4,0.0302484903076861,0.309242986546573,0.922079484902295,NA,NA,NA,NA,NA,NA,rs1027949; rs1573442; rs17155574; rs17824268
fMwOoB,VSd2qW,Cardiovascular ageing,PWY.6612..superpathway.of.tetrahydrofolate.biosynthesis,Weighted median,4,0.108796056945856,0.364782187487484,0.765512844936082,NA,NA,NA,NA,NA,NA,rs1027949; rs1573442; rs17155574; rs17824268
fMwOoB,VSd2qW,Cardiovascular ageing,PWY.6612..superpathway.of.tetrahydrofolate.biosynthesis,MR-PRESSO,4,0.0687747229688937,0.125255080449087,0.612163469382673,NA,NA,NA,NA,NA,NA,rs1027949; rs1573442; rs17155574; rs17824268
