id.exposure,id.outcome,outcome,exposure,method,nsnp,b,se,pval,egger_intercept.ple,se.ple,pval.ple,Q.het,Q_df.het,Q_pval.het,IV_list
6kes96,9yPd1u,Cardiovascular ageing,k__Bacteria.p__Actinobacteria.c__Actinobacteria.o__Bifidobacteriales.f__Bifidobacteriaceae.g__Bifidobacterium.s__Bifidobacterium_longum,MR Egger,5,-2.72867861787996,2.295456303869,0.320067346448522,0.346110275235887,0.25203648903286,0.263309328065526,7.60724662495194,4,0.107072101831988,rs10033190; rs13391731; rs1446585; rs6780177; rs73412051
6kes96,9yPd1u,Cardiovascular ageing,k__Bacteria.p__Actinobacteria.c__Actinobacteria.o__Bifidobacteriales.f__Bifidobacteriaceae.g__Bifidobacterium.s__Bifidobacterium_longum,Inverse variance weighted,5,0.371175759873968,0.460608454046315,0.420336308598901,NA,NA,NA,NA,NA,NA,rs10033190; rs13391731; rs1446585; rs6780177; rs73412051
6kes96,9yPd1u,Cardiovascular ageing,k__Bacteria.p__Actinobacteria.c__Actinobacteria.o__Bifidobacteriales.f__Bifidobacteriaceae.g__Bifidobacterium.s__Bifidobacterium_longum,Weighted median,5,0.69403162096738,0.475358005269347,0.144284909139098,NA,NA,NA,NA,NA,NA,rs10033190; rs13391731; rs1446585; rs6780177; rs73412051
6kes96,9yPd1u,Cardiovascular ageing,k__Bacteria.p__Actinobacteria.c__Actinobacteria.o__Bifidobacteriales.f__Bifidobacteriaceae.g__Bifidobacterium.s__Bifidobacterium_longum,MR-PRESSO,5,0.25711285032853,0.365133101125153,0.512765721925838,NA,NA,NA,NA,NA,NA,rs10033190; rs13391731; rs1446585; rs6780177; rs73412051
