id.exposure,id.outcome,outcome,exposure,method,nsnp,b,se,pval,egger_intercept.ple,se.ple,pval.ple,Q.het,Q_df.het,Q_pval.het,IV_list
It0E9E,nGXjba,Cardiovascular ageing,k__Bacteria.p__Actinobacteria.c__Actinobacteria.o__Coriobacteriales.f__Coriobacteriaceae,MR Egger,3,-3.66892587791936,9.71090962445258,0.770029893458006,0.363428077851261,1.02234588628693,0.782561004754669,5.93793950930516,2,0.0513561925648556,rs11652058; rs4234207; rs550057
It0E9E,nGXjba,Cardiovascular ageing,k__Bacteria.p__Actinobacteria.c__Actinobacteria.o__Coriobacteriales.f__Coriobacteriaceae,Inverse variance weighted,3,-0.235592377719639,0.758404136809962,0.756072593975986,NA,NA,NA,NA,NA,NA,rs11652058; rs4234207; rs550057
It0E9E,nGXjba,Cardiovascular ageing,k__Bacteria.p__Actinobacteria.c__Actinobacteria.o__Coriobacteriales.f__Coriobacteriaceae,Weighted median,3,0.339214471406201,0.564841650221098,0.548141142664162,NA,NA,NA,NA,NA,NA,rs11652058; rs4234207; rs550057
It0E9E,nGXjba,Cardiovascular ageing,k__Bacteria.p__Actinobacteria.c__Actinobacteria.o__Coriobacteriales.f__Coriobacteriaceae,MR-PRESSO,3,0.0554713390061946,0.506502761003016,0.918065853422403,NA,NA,NA,NA,NA,NA,rs11652058; rs4234207; rs550057
