id.exposure,id.outcome,outcome,exposure,method,nsnp,b,se,pval,egger_intercept.ple,se.ple,pval.ple,Q.het,Q_df.het,Q_pval.het,IV_list
9h56ui,3N6hlY,Cardiovascular ageing,PWY.6147..6.hydroxymethyl.dihydropterin.diphosphate.biosynthesis.I,MR Egger,5,-6.41159838247025,2.8374488528965,0.108962733822418,0.553653872127075,0.269281006076009,0.131995738884466,5.20290563237738,4,0.267104451734985,rs10792007; rs11732083; rs2548882; rs2714053; rs73401412
9h56ui,3N6hlY,Cardiovascular ageing,PWY.6147..6.hydroxymethyl.dihydropterin.diphosphate.biosynthesis.I,Inverse variance weighted,5,-0.620325709481667,0.39058861582203,0.112245247785182,NA,NA,NA,NA,NA,NA,rs10792007; rs11732083; rs2548882; rs2714053; rs73401412
9h56ui,3N6hlY,Cardiovascular ageing,PWY.6147..6.hydroxymethyl.dihydropterin.diphosphate.biosynthesis.I,Weighted median,5,-0.565747260689035,0.48071844296127,0.239243954274681,NA,NA,NA,NA,NA,NA,rs10792007; rs11732083; rs2548882; rs2714053; rs73401412
9h56ui,3N6hlY,Cardiovascular ageing,PWY.6147..6.hydroxymethyl.dihydropterin.diphosphate.biosynthesis.I,MR-PRESSO,5,-0.620325709481667,0.39058861582203,0.187441155296537,NA,NA,NA,NA,NA,NA,rs10792007; rs11732083; rs2548882; rs2714053; rs73401412
