id.exposure,id.outcome,outcome,exposure,method,nsnp,b,se,pval,egger_intercept.ple,se.ple,pval.ple,Q.het,Q_df.het,Q_pval.het,IV_list
O0BqvD,T9JaHw,Cardiovascular ageing,k__Bacteria.p__Actinobacteria.c__Actinobacteria.o__Bifidobacteriales.f__Bifidobacteriaceae.g__Bifidobacterium,MR Egger,5,-0.971646574883439,1.20780995015476,0.479971445407024,0.0521873550235177,0.122543621611338,0.698910513768853,1.08444829404404,4,0.896731743574,rs10455532; rs12657170; rs4472164; rs4859454; rs74452406
O0BqvD,T9JaHw,Cardiovascular ageing,k__Bacteria.p__Actinobacteria.c__Actinobacteria.o__Bifidobacteriales.f__Bifidobacteriaceae.g__Bifidobacterium,Inverse variance weighted,5,-0.480398913170758,0.358038588751735,0.179676492290235,NA,NA,NA,NA,NA,NA,rs10455532; rs12657170; rs4472164; rs4859454; rs74452406
O0BqvD,T9JaHw,Cardiovascular ageing,k__Bacteria.p__Actinobacteria.c__Actinobacteria.o__Bifidobacteriales.f__Bifidobacteriaceae.g__Bifidobacterium,Weighted median,5,-0.483077490934611,0.445529048436663,0.278241412085204,NA,NA,NA,NA,NA,NA,rs10455532; rs12657170; rs4472164; rs4859454; rs74452406
O0BqvD,T9JaHw,Cardiovascular ageing,k__Bacteria.p__Actinobacteria.c__Actinobacteria.o__Bifidobacteriales.f__Bifidobacteriaceae.g__Bifidobacterium,MR-PRESSO,5,-0.480398913170758,0.18642504900562,0.0615284351288958,NA,NA,NA,NA,NA,NA,rs10455532; rs12657170; rs4472164; rs4859454; rs74452406
