id.exposure,id.outcome,outcome,exposure,method,nsnp,b,se,pval,egger_intercept.ple,se.ple,pval.ple,Q.het,Q_df.het,Q_pval.het,IV_list
5HYFuM,oHPx7m,Cardiovascular ageing,PWY.6151..S.adenosyl.L.methionine.cycle.I,MR Egger,4,-1.38971587511648,2.00838352367149,0.560500706623688,0.100446881293831,0.186658420914033,0.644360183035374,1.71336165076493,3,0.633967291994325,rs2235334; rs2827430; rs62314649; rs6879880
5HYFuM,oHPx7m,Cardiovascular ageing,PWY.6151..S.adenosyl.L.methionine.cycle.I,Inverse variance weighted,4,-0.332355846736888,0.415796532423286,0.424102985335833,NA,NA,NA,NA,NA,NA,rs2235334; rs2827430; rs62314649; rs6879880
5HYFuM,oHPx7m,Cardiovascular ageing,PWY.6151..S.adenosyl.L.methionine.cycle.I,Weighted median,4,-0.29580370574691,0.485476056641231,0.542321314707114,NA,NA,NA,NA,NA,NA,rs2235334; rs2827430; rs62314649; rs6879880
5HYFuM,oHPx7m,Cardiovascular ageing,PWY.6151..S.adenosyl.L.methionine.cycle.I,MR-PRESSO,4,-0.0653115730166711,0.362350894618253,0.865724228551493,NA,NA,NA,NA,NA,NA,rs2235334; rs2827430; rs62314649; rs6879880
