id.exposure,id.outcome,outcome,exposure,method,nsnp,b,se,pval,egger_intercept.ple,se.ple,pval.ple,Q.het,Q_df.het,Q_pval.het,IV_list
WcCZCd,gB7Sl4,Cardiovascular ageing,PWY.7234..inosine.5..phosphate.biosynthesis.III,MR Egger,6,-4.8556378908608,2.43431657202923,0.116826663198724,0.699750557610993,0.383534891252922,0.142136073829493,6.30836163837353,5,0.277359608399773,rs112075774; rs117005933; rs1275053; rs35096174; rs79676117; rs928495
WcCZCd,gB7Sl4,Cardiovascular ageing,PWY.7234..inosine.5..phosphate.biosynthesis.III,Inverse variance weighted,6,-0.451720376171778,0.354274906074604,0.202289390082085,NA,NA,NA,NA,NA,NA,rs112075774; rs117005933; rs1275053; rs35096174; rs79676117; rs928495
WcCZCd,gB7Sl4,Cardiovascular ageing,PWY.7234..inosine.5..phosphate.biosynthesis.III,Weighted median,6,-0.594439999403336,0.419641887253621,0.156617126474045,NA,NA,NA,NA,NA,NA,rs112075774; rs117005933; rs1275053; rs35096174; rs79676117; rs928495
WcCZCd,gB7Sl4,Cardiovascular ageing,PWY.7234..inosine.5..phosphate.biosynthesis.III,MR-PRESSO,6,-0.451720376171778,0.354274906074604,0.258322404861938,NA,NA,NA,NA,NA,NA,rs112075774; rs117005933; rs1275053; rs35096174; rs79676117; rs928495
