id.exposure,id.outcome,outcome,exposure,method,nsnp,b,se,pval,egger_intercept.ple,se.ple,pval.ple,Q.het,Q_df.het,Q_pval.het,IV_list
Fuoj9L,vLUigy,Cardiovascular ageing,k__Bacteria.p__Bacteroidetes.c__Bacteroidia.o__Bacteroidales.f__Rikenellaceae.g__Alistipes.s__Alistipes_sp_AP11,MR Egger,3,-0.165857403054256,1.70241587447339,0.938172612490201,0.0250997581825126,0.357461753580203,0.955371955820045,0.208578817343029,2,0.900964512743637,rs12022867; rs13333427; rs28450200
Fuoj9L,vLUigy,Cardiovascular ageing,k__Bacteria.p__Bacteroidetes.c__Bacteroidia.o__Bacteroidales.f__Rikenellaceae.g__Alistipes.s__Alistipes_sp_AP11,Inverse variance weighted,3,-0.0478381876608629,0.270506452209277,0.859628764423344,NA,NA,NA,NA,NA,NA,rs12022867; rs13333427; rs28450200
Fuoj9L,vLUigy,Cardiovascular ageing,k__Bacteria.p__Bacteroidetes.c__Bacteroidia.o__Bacteroidales.f__Rikenellaceae.g__Alistipes.s__Alistipes_sp_AP11,Weighted median,3,-0.0833854472402414,0.308416830434854,0.786878638427551,NA,NA,NA,NA,NA,NA,rs12022867; rs13333427; rs28450200
Fuoj9L,vLUigy,Cardiovascular ageing,k__Bacteria.p__Bacteroidetes.c__Bacteroidia.o__Bacteroidales.f__Rikenellaceae.g__Alistipes.s__Alistipes_sp_AP11,MR-PRESSO,3,NA,NA,NA,NA,NA,NA,NA,NA,NA,rs12022867; rs13333427; rs28450200
