id.exposure,id.outcome,outcome,exposure,method,nsnp,b,se,pval,egger_intercept.ple,se.ple,pval.ple,Q.het,Q_df.het,Q_pval.het,IV_list
6bepM3,Ycugif,Cardiovascular ageing,k__Bacteria.p__Actinobacteria.c__Actinobacteria.o__Bifidobacteriales.f__Bifidobacteriaceae.g__Bifidobacterium.s__Bifidobacterium_bifidum,MR Egger,8,0.497216019425765,0.481724639343198,0.341796010206754,-0.112615147258163,0.102571045183,0.314332759069272,2.09677954657042,7,0.954290040094822,rs17453521; rs4861647; rs59340188; rs62555927; rs722497; rs7334864; rs849116; rs9848175
6bepM3,Ycugif,Cardiovascular ageing,k__Bacteria.p__Actinobacteria.c__Actinobacteria.o__Bifidobacteriales.f__Bifidobacteriaceae.g__Bifidobacterium.s__Bifidobacterium_bifidum,Inverse variance weighted,8,-0.00705477525344949,0.145281322137305,0.961270418092175,NA,NA,NA,NA,NA,NA,rs17453521; rs4861647; rs59340188; rs62555927; rs722497; rs7334864; rs849116; rs9848175
6bepM3,Ycugif,Cardiovascular ageing,k__Bacteria.p__Actinobacteria.c__Actinobacteria.o__Bifidobacteriales.f__Bifidobacteriaceae.g__Bifidobacterium.s__Bifidobacterium_bifidum,Weighted median,8,0.0335359445415656,0.179473275264722,0.851772287992224,NA,NA,NA,NA,NA,NA,rs17453521; rs4861647; rs59340188; rs62555927; rs722497; rs7334864; rs849116; rs9848175
6bepM3,Ycugif,Cardiovascular ageing,k__Bacteria.p__Actinobacteria.c__Actinobacteria.o__Bifidobacteriales.f__Bifidobacteriaceae.g__Bifidobacterium.s__Bifidobacterium_bifidum,MR-PRESSO,8,-0.00705477525344949,0.079512818693671,0.93178552822318,NA,NA,NA,NA,NA,NA,rs17453521; rs4861647; rs59340188; rs62555927; rs722497; rs7334864; rs849116; rs9848175
