id.exposure,id.outcome,outcome,exposure,method,nsnp,b,se,pval,egger_intercept.ple,se.ple,pval.ple,Q.het,Q_df.het,Q_pval.het,IV_list
RqeB0I,tjuBlp,Cardiovascular ageing,k__Bacteria.p__Actinobacteria,MR Egger,3,-1.26482549342867,2.38266934067537,0.689318610290202,0.149828804395103,0.25377264101667,0.660468411882704,0.778894095016337,2,0.677431358310367,rs35344390; rs74452406; rs926010
RqeB0I,tjuBlp,Cardiovascular ageing,k__Bacteria.p__Actinobacteria,Inverse variance weighted,3,0.116347673958855,0.452210026800147,0.796957376102128,NA,NA,NA,NA,NA,NA,rs35344390; rs74452406; rs926010
RqeB0I,tjuBlp,Cardiovascular ageing,k__Bacteria.p__Actinobacteria,Weighted median,3,0.168195132095359,0.535262518869989,0.753346939696133,NA,NA,NA,NA,NA,NA,rs35344390; rs74452406; rs926010
RqeB0I,tjuBlp,Cardiovascular ageing,k__Bacteria.p__Actinobacteria,MR-PRESSO,3,-0.142296521460677,0.321214253659202,0.687766006453575,NA,NA,NA,NA,NA,NA,rs35344390; rs74452406; rs926010
