id.exposure,id.outcome,outcome,exposure,method,nsnp,b,se,pval,egger_intercept.ple,se.ple,pval.ple,Q.het,Q_df.het,Q_pval.het,IV_list
nJ18jt,Qymk8T,Cardiovascular ageing,PWY.841..superpathway.of.purine.nucleotides.de.novo.biosynthesis.I,MR Egger,5,-0.458216973892604,1.73530426632449,0.808837361010661,-0.0128297809899832,0.202750671396628,0.953524905460639,1.13601672280955,4,0.888516459104246,rs11588127; rs1584586; rs35698389; rs57187632; rs60748324
nJ18jt,Qymk8T,Cardiovascular ageing,PWY.841..superpathway.of.purine.nucleotides.de.novo.biosynthesis.I,Inverse variance weighted,5,-0.565834516064636,0.344849982025193,0.100836128974687,NA,NA,NA,NA,NA,NA,rs11588127; rs1584586; rs35698389; rs57187632; rs60748324
nJ18jt,Qymk8T,Cardiovascular ageing,PWY.841..superpathway.of.purine.nucleotides.de.novo.biosynthesis.I,Weighted median,5,-0.585455516228811,0.435938263732308,0.179279083772316,NA,NA,NA,NA,NA,NA,rs11588127; rs1584586; rs35698389; rs57187632; rs60748324
nJ18jt,Qymk8T,Cardiovascular ageing,PWY.841..superpathway.of.purine.nucleotides.de.novo.biosynthesis.I,MR-PRESSO,5,-0.565834516064636,0.183777599409257,0.0369708205392051,NA,NA,NA,NA,NA,NA,rs11588127; rs1584586; rs35698389; rs57187632; rs60748324
