id.exposure,id.outcome,outcome,exposure,method,nsnp,b,se,pval,egger_intercept.ple,se.ple,pval.ple,Q.het,Q_df.het,Q_pval.het,IV_list
K2FWoN,DhiiVF,Cardiovascular ageing,k__Bacteria.p__Actinobacteria.c__Actinobacteria.o__Bifidobacteriales.f__Bifidobacteriaceae,MR Egger,4,-0.925216102117409,1.2441884373875,0.534593102965394,0.0488921477090404,0.123406673178392,0.730239107401534,1.07909966878745,3,0.782121750975597,rs10455532; rs12657170; rs4859454; rs74452406
K2FWoN,DhiiVF,Cardiovascular ageing,k__Bacteria.p__Actinobacteria.c__Actinobacteria.o__Bifidobacteriales.f__Bifidobacteriaceae,Inverse variance weighted,4,-0.457293379392157,0.391268704564331,0.242506347279792,NA,NA,NA,NA,NA,NA,rs10455532; rs12657170; rs4859454; rs74452406
K2FWoN,DhiiVF,Cardiovascular ageing,k__Bacteria.p__Actinobacteria.c__Actinobacteria.o__Bifidobacteriales.f__Bifidobacteriaceae,Weighted median,4,-0.424600362283328,0.468506139987396,0.364784712009501,NA,NA,NA,NA,NA,NA,rs10455532; rs12657170; rs4859454; rs74452406
K2FWoN,DhiiVF,Cardiovascular ageing,k__Bacteria.p__Actinobacteria.c__Actinobacteria.o__Bifidobacteriales.f__Bifidobacteriaceae,MR-PRESSO,4,-0.457293379392157,0.234663349162288,0.146456784791908,NA,NA,NA,NA,NA,NA,rs10455532; rs12657170; rs4859454; rs74452406
