id.exposure,id.outcome,outcome,exposure,method,nsnp,b,se,pval,egger_intercept.ple,se.ple,pval.ple,Q.het,Q_df.het,Q_pval.het,IV_list
uIQRKJ,YiAhpf,Cardiovascular ageing,k__Bacteria.p__Bacteroidetes.c__Bacteroidia.o__Bacteroidales.f__Rikenellaceae.g__Alistipes,MR Egger,3,-0.653145937129356,2.0258285501548,0.801446629105853,-0.00137825170719479,0.254817199851208,0.996556693455378,1.35124955534464,2,0.508838410397418,rs11211406; rs2465506; rs73344869
uIQRKJ,YiAhpf,Cardiovascular ageing,k__Bacteria.p__Bacteroidetes.c__Bacteroidia.o__Bacteroidales.f__Rikenellaceae.g__Alistipes,Inverse variance weighted,3,-0.663706041932665,0.464965521138132,0.153455797835615,NA,NA,NA,NA,NA,NA,rs11211406; rs2465506; rs73344869
uIQRKJ,YiAhpf,Cardiovascular ageing,k__Bacteria.p__Bacteroidetes.c__Bacteroidia.o__Bacteroidales.f__Rikenellaceae.g__Alistipes,Weighted median,3,-0.812199576348703,0.60319433066727,0.178142169862365,NA,NA,NA,NA,NA,NA,rs11211406; rs2465506; rs73344869
uIQRKJ,YiAhpf,Cardiovascular ageing,k__Bacteria.p__Bacteroidetes.c__Bacteroidia.o__Bacteroidales.f__Rikenellaceae.g__Alistipes,MR-PRESSO,3,NA,NA,NA,NA,NA,NA,NA,NA,NA,rs11211406; rs2465506; rs73344869
