id.exposure,id.outcome,outcome,exposure,method,nsnp,b,se,pval,egger_intercept.ple,se.ple,pval.ple,Q.het,Q_df.het,Q_pval.het,IV_list
02j5AF,4ItA7v,Cardiovascular ageing,k__Bacteria.p__Actinobacteria.c__Actinobacteria,MR Egger,3,-1.26506746810356,2.38343550812194,0.689352940088249,0.149854968435338,0.253852896206282,0.66050787251711,0.77886877824853,2,0.677439933550843,rs35344390; rs74452406; rs926010
02j5AF,4ItA7v,Cardiovascular ageing,k__Bacteria.p__Actinobacteria.c__Actinobacteria,Inverse variance weighted,3,0.11637053807715,0.452212427299981,0.796919402468791,NA,NA,NA,NA,NA,NA,rs35344390; rs74452406; rs926010
02j5AF,4ItA7v,Cardiovascular ageing,k__Bacteria.p__Actinobacteria.c__Actinobacteria,Weighted median,3,0.168237460592492,0.54876620331078,0.759167631551329,NA,NA,NA,NA,NA,NA,rs35344390; rs74452406; rs926010
02j5AF,4ItA7v,Cardiovascular ageing,k__Bacteria.p__Actinobacteria.c__Actinobacteria,MR-PRESSO,3,-0.142268814314233,0.321227012875393,0.687833262420116,NA,NA,NA,NA,NA,NA,rs35344390; rs74452406; rs926010
