id.exposure,id.outcome,outcome,exposure,method,nsnp,b,se,pval,egger_intercept.ple,se.ple,pval.ple,Q.het,Q_df.het,Q_pval.het,IV_list
ppqL7o,weLT4o,Cardiovascular ageing,PWY_REDCITCYC..TCA.cycle.VIII..helicobacter.,MR Egger,5,-0.818830370670767,2.2351685602694,0.738423172887887,0.074449594204423,0.357488167633439,0.848365387280262,6.91593881154256,4,0.140397719050541,rs10159356; rs12035973; rs3923652; rs61545203; rs8057488
ppqL7o,weLT4o,Cardiovascular ageing,PWY_REDCITCYC..TCA.cycle.VIII..helicobacter.,Inverse variance weighted,5,-0.360572652348284,0.342357790911042,0.29224742860915,NA,NA,NA,NA,NA,NA,rs10159356; rs12035973; rs3923652; rs61545203; rs8057488
ppqL7o,weLT4o,Cardiovascular ageing,PWY_REDCITCYC..TCA.cycle.VIII..helicobacter.,Weighted median,5,-0.666414840551008,0.347037835988658,0.0548207133239762,NA,NA,NA,NA,NA,NA,rs10159356; rs12035973; rs3923652; rs61545203; rs8057488
ppqL7o,weLT4o,Cardiovascular ageing,PWY_REDCITCYC..TCA.cycle.VIII..helicobacter.,MR-PRESSO,5,-0.307791835040197,0.285564661452942,0.330337790929471,NA,NA,NA,NA,NA,NA,rs10159356; rs12035973; rs3923652; rs61545203; rs8057488
