effect_allele.exposure,other_allele.exposure,eaf.exposure,beta.exposure,se.exposure,pval.exposure,samplesize.exposure,chr.exposure,pos.exposure,SNP,exposure,mr_keep.exposure,pval_origin.exposure,id.exposure,data_source.exposure
T,C,0.8104,-0.0862,0.0155,3.008e-08,13529,1,190376438,rs61818787,VEGF,TRUE,reported,FsbPik,textfile
A,C,0.4132,0.0749,0.0111,1.235e-11,16922.9,10,65071215,rs10822155,VEGF,TRUE,reported,FsbPik,textfile
A,C,0.0447,-0.2071,0.0349,3.041e-09,12582,6,43855489,rs62401205,VEGF,TRUE,reported,FsbPik,textfile
A,C,0.4928,-0.4034,0.0121,1e-200,12582,6,43919695,rs9472159,VEGF,TRUE,reported,FsbPik,textfile
CT,C,0.8503,0.113,0.0207,4.957e-08,10207,6,43948352,rs555954272,VEGF,TRUE,reported,FsbPik,textfile
G,GTTCATATA,0.4341,0.0965,0.0135,7.736e-13,11580.9,8,106564889,rs371146335,VEGF,TRUE,reported,FsbPik,textfile
A,T,0.7324,0.1494,0.0124,1.69e-33,16922,8,106581528,rs6993770,VEGF,TRUE,reported,FsbPik,textfile
A,T,0.55,0.141,0.0137,8.171e-25,10694.9,9,2687795,rs6475938,VEGF,TRUE,reported,FsbPik,textfile
