id.exposure,id.outcome,outcome,exposure,method,nsnp,b,se,pval,egger_intercept.ple,se.ple,pval.ple,Q.het,Q_df.het,Q_pval.het,IV_list
FsbPik,7eEHoZ,AMD,VEGF,MR Egger,5,0.359785122471523,0.200236364373051,0.170224290567784,-0.0735370287629787,0.0463544994691091,0.210837075400192,8.98429991824229,4,0.0614931085480887,rs10822155; rs61818787; rs62401205; rs6993770; rs9472159
FsbPik,7eEHoZ,AMD,VEGF,Inverse variance weighted,5,0.101836933393236,0.137237424021325,0.458057470826844,NA,NA,NA,NA,NA,NA,rs10822155; rs61818787; rs62401205; rs6993770; rs9472159
FsbPik,7eEHoZ,AMD,VEGF,Weighted median,5,0.135162408538622,0.0980810078931884,0.168181947619205,NA,NA,NA,NA,NA,NA,rs10822155; rs61818787; rs62401205; rs6993770; rs9472159
FsbPik,7eEHoZ,AMD,VEGF,MR-PRESSO,5,0.118717895119348,0.119094850724699,0.364610317626429,NA,NA,NA,NA,NA,NA,rs10822155; rs61818787; rs62401205; rs6993770; rs9472159
