pval.exposure,chr.exposure,pos.exposure,effect_allele.exposure,other_allele.exposure,eaf.exposure,beta.exposure,se.exposure,SNP,exposure,mr_keep.exposure,pval_origin.exposure,id.exposure,data_source.exposure
3.04896757676713e-06,11,69317280,A,G,0.0809066589370599,0.153277274439214,0.0328393135480732,rs78791321,k__Bacteria.p__Firmicutes.c__Negativicutes.o__Selenomonadales,TRUE,reported,EtyxFO,textfile
3.18706811250426e-06,12,91611380,C,T,0.0504393195528914,0.197353571756117,0.0423652756782557,rs77764206,k__Bacteria.p__Firmicutes.c__Negativicutes.o__Selenomonadales,TRUE,reported,EtyxFO,textfile
4.10392509944601e-08,14,103588515,T,C,0.521968695085057,-0.102228515136277,0.0186333479838757,rs2282037,k__Bacteria.p__Firmicutes.c__Negativicutes.o__Selenomonadales,TRUE,reported,EtyxFO,textfile
4.3878929129816e-06,19,7892087,G,A,0.263675972390805,-0.0935379368842196,0.020369276724585,rs12979658,k__Bacteria.p__Firmicutes.c__Negativicutes.o__Selenomonadales,TRUE,reported,EtyxFO,textfile
1.27632071032773e-06,2,124572776,G,A,0.855651974371516,-0.128328956271349,0.0264956013174439,rs12472147,k__Bacteria.p__Firmicutes.c__Negativicutes.o__Selenomonadales,TRUE,reported,EtyxFO,textfile
