pval.exposure,chr.exposure,pos.exposure,effect_allele.exposure,other_allele.exposure,eaf.exposure,beta.exposure,se.exposure,SNP,exposure,mr_keep.exposure,pval_origin.exposure,id.exposure,data_source.exposure
3.84967868175182e-06,2,101054149,G,T,0.694653537090512,0.0860839217763159,0.0186355571786427,rs4851317,k__Bacteria.p__Actinobacteria.c__Actinobacteria.o__Bifidobacteriales.f__Bifidobacteriaceae,TRUE,reported,K2FWoN,textfile
5.8558160858919e-15,2,136616754,T,C,0.755024712587739,-0.15330176754511,0.0196364118089148,rs182549,k__Bacteria.p__Actinobacteria.c__Actinobacteria.o__Bifidobacteriales.f__Bifidobacteriaceae,TRUE,reported,K2FWoN,textfile
2.1581828901281e-07,3,63012872,T,C,0.0723786812022146,-0.176051255533577,0.0339528437012195,rs74452406,k__Bacteria.p__Actinobacteria.c__Actinobacteria.o__Bifidobacteriales.f__Bifidobacteriaceae,TRUE,reported,K2FWoN,textfile
3.051254825039e-06,4,77541509,T,C,0.114125379881682,0.122757582690499,0.0263014062921157,rs4859454,k__Bacteria.p__Actinobacteria.c__Actinobacteria.o__Bifidobacteriales.f__Bifidobacteriaceae,TRUE,reported,K2FWoN,textfile
2.729759136971e-06,5,79643369,C,T,0.464179996322853,0.0785083742330561,0.0167389126867435,rs12657170,k__Bacteria.p__Actinobacteria.c__Actinobacteria.o__Bifidobacteriales.f__Bifidobacteriaceae,TRUE,reported,K2FWoN,textfile
4.26097411747633e-06,6,92883361,G,A,0.552534256946021,-0.0769154053852495,0.0167271801101929,rs10455532,k__Bacteria.p__Actinobacteria.c__Actinobacteria.o__Bifidobacteriales.f__Bifidobacteriaceae,TRUE,reported,K2FWoN,textfile
