pval.exposure,chr.exposure,pos.exposure,effect_allele.exposure,other_allele.exposure,eaf.exposure,beta.exposure,se.exposure,SNP,exposure,mr_keep.exposure,pval_origin.exposure,id.exposure,data_source.exposure
3.27766552151606e-06,1,161574305,G,A,0.222870741287353,-0.118267744719169,0.0254196790173167,rs35989200,PWY.6612..superpathway.of.tetrahydrofolate.biosynthesis,TRUE,reported,fMwOoB,textfile
1.12071249994658e-06,1,9037546,A,G,0.313531832486081,-0.108493333454347,0.0222817158744903,rs6673038,PWY.6612..superpathway.of.tetrahydrofolate.biosynthesis,TRUE,reported,fMwOoB,textfile
4.17462862757943e-07,12,110430968,G,A,0.145408828605118,0.143992084749222,0.0284523374737397,rs1027949,PWY.6612..superpathway.of.tetrahydrofolate.biosynthesis,TRUE,reported,fMwOoB,textfile
2.62792250857978e-08,14,64467727,C,T,0.077534924762418,-0.207447103309527,0.0372799553150001,rs17824268,PWY.6612..superpathway.of.tetrahydrofolate.biosynthesis,TRUE,reported,fMwOoB,textfile
3.05754318062533e-06,21,19678760,A,G,0.362316396092486,-0.102006653796858,0.0218574010635202,rs1573442,PWY.6612..superpathway.of.tetrahydrofolate.biosynthesis,TRUE,reported,fMwOoB,textfile
2.65389135421662e-07,4,38646376,A,T,0.711888865462553,-0.112890311411076,0.0219353493219512,rs4833077,PWY.6612..superpathway.of.tetrahydrofolate.biosynthesis,TRUE,reported,fMwOoB,textfile
2.89498480215873e-06,7,20021866,C,T,0.451155308798151,0.0970073574885769,0.0207363393569289,rs2214921,PWY.6612..superpathway.of.tetrahydrofolate.biosynthesis,TRUE,reported,fMwOoB,textfile
1.35574287953295e-06,7,81477236,T,C,0.132159283466473,0.14271552044621,0.0295391465717996,rs17155574,PWY.6612..superpathway.of.tetrahydrofolate.biosynthesis,TRUE,reported,fMwOoB,textfile
2.54506292829809e-06,9,7351774,A,T,0.243726817688445,-0.110624479925913,0.0235146792306662,rs10815601,PWY.6612..superpathway.of.tetrahydrofolate.biosynthesis,TRUE,reported,fMwOoB,textfile
2.48993458661612e-06,X,138169397,A,G,0.202205419540405,-0.101769792542217,0.0216119825373895,rs140450030,PWY.6612..superpathway.of.tetrahydrofolate.biosynthesis,TRUE,reported,fMwOoB,textfile
