pval.exposure,chr.exposure,pos.exposure,effect_allele.exposure,other_allele.exposure,eaf.exposure,beta.exposure,se.exposure,SNP,exposure,mr_keep.exposure,pval_origin.exposure,id.exposure,data_source.exposure
4.33878261854728e-08,1,150449701,C,T,0.052747327930917,0.211624894479898,0.0386425273373884,rs78778914,HISTSYN.PWY..L.histidine.biosynthesis,TRUE,reported,EGWr2w,textfile
2.13499850223963e-06,10,53364281,C,T,0.0596566980371935,-0.170832191877006,0.0360389719751415,rs12098656,HISTSYN.PWY..L.histidine.biosynthesis,TRUE,reported,EGWr2w,textfile
3.1918960554535e-06,12,10563592,C,T,0.454918431575267,-0.0758565235464691,0.0162849728968119,rs10772275,HISTSYN.PWY..L.histidine.biosynthesis,TRUE,reported,EGWr2w,textfile
2.52198056730019e-06,14,29213100,T,C,0.08232760149808,-0.138165950539614,0.0293573807244865,rs7145596,HISTSYN.PWY..L.histidine.biosynthesis,TRUE,reported,EGWr2w,textfile
4.4947637892969e-06,4,155007625,G,T,0.0920828708842038,0.13033988074075,0.0284145297311579,rs10005886,HISTSYN.PWY..L.histidine.biosynthesis,TRUE,reported,EGWr2w,textfile
