pval.exposure,chr.exposure,pos.exposure,effect_allele.exposure,other_allele.exposure,eaf.exposure,beta.exposure,se.exposure,SNP,exposure,mr_keep.exposure,pval_origin.exposure,id.exposure,data_source.exposure
6.29155760683482e-07,1,83018726,C,T,0.0755566341705223,-0.175844281787844,0.0352955980242443,rs115001375,GLYCOCAT.PWY..glycogen.degradation.I..bacterial.,TRUE,reported,bMWQrG,textfile
2.63583936345103e-06,12,125549956,T,C,0.136106177021371,0.127404828046852,0.0271228161918163,rs41474647,GLYCOCAT.PWY..glycogen.degradation.I..bacterial.,TRUE,reported,bMWQrG,textfile
1.48951720553515e-06,2,11209820,T,C,0.535799460233532,0.0909123718170249,0.0188903448247627,rs2056101,GLYCOCAT.PWY..glycogen.degradation.I..bacterial.,TRUE,reported,bMWQrG,textfile
4.34681100774631e-06,3,41049101,G,A,0.242946202357348,-0.102628378182955,0.0223393097883764,rs35296932,GLYCOCAT.PWY..glycogen.degradation.I..bacterial.,TRUE,reported,bMWQrG,textfile
3.50158230876527e-08,6,46422725,G,A,0.559954698171402,0.110105402226416,0.0199672262333352,rs59657730,GLYCOCAT.PWY..glycogen.degradation.I..bacterial.,TRUE,reported,bMWQrG,textfile
