pval.exposure,chr.exposure,pos.exposure,effect_allele.exposure,other_allele.exposure,eaf.exposure,beta.exposure,se.exposure,SNP,exposure,mr_keep.exposure,pval_origin.exposure,id.exposure,data_source.exposure
4.62079756484642e-06,17,64584932,A,G,0.217002564200697,0.0912382854550641,0.0199153413926726,rs11652058,k__Bacteria.p__Actinobacteria.c__Actinobacteria.o__Coriobacteriales.f__Coriobacteriaceae,TRUE,reported,It0E9E,textfile
5.80628959130317e-07,2,40343367,C,A,0.52898643907791,-0.101284151275711,0.0202667557058669,rs976260,k__Bacteria.p__Actinobacteria.c__Actinobacteria.o__Coriobacteriales.f__Coriobacteriaceae,TRUE,reported,It0E9E,textfile
1.10443662847397e-06,3,194731909,G,A,0.868769566382181,0.118163143908007,0.0242532473091703,rs4234207,k__Bacteria.p__Actinobacteria.c__Actinobacteria.o__Coriobacteriales.f__Coriobacteriaceae,TRUE,reported,It0E9E,textfile
4.51454898853971e-06,3,68010971,C,G,0.696356793856124,-0.081991560175267,0.017878009750477,rs28806584,k__Bacteria.p__Actinobacteria.c__Actinobacteria.o__Coriobacteriales.f__Coriobacteriaceae,TRUE,reported,It0E9E,textfile
2.67320882988076e-06,7,153780749,A,C,0.606662329212752,0.0824980495724912,0.0175735164840856,rs2907732,k__Bacteria.p__Actinobacteria.c__Actinobacteria.o__Coriobacteriales.f__Coriobacteriaceae,TRUE,reported,It0E9E,textfile
3.84031366256531e-06,8,106944849,G,C,0.105461619911462,0.123068250895183,0.0266390574278468,rs78362376,k__Bacteria.p__Actinobacteria.c__Actinobacteria.o__Coriobacteriales.f__Coriobacteriaceae,TRUE,reported,It0E9E,textfile
3.01242341793162e-09,9,136146597,T,C,0.250227716330514,0.110172378138306,0.0185759345773107,rs550057,k__Bacteria.p__Actinobacteria.c__Actinobacteria.o__Coriobacteriales.f__Coriobacteriaceae,TRUE,reported,It0E9E,textfile
