pval.exposure,chr.exposure,pos.exposure,effect_allele.exposure,other_allele.exposure,eaf.exposure,beta.exposure,se.exposure,SNP,exposure,mr_keep.exposure,pval_origin.exposure,id.exposure,data_source.exposure
1.06421907427164e-07,12,119663906,C,T,0.149904206538316,-0.125013735535545,0.0235191481696679,rs61939486,k__Bacteria.p__Actinobacteria,TRUE,reported,RqeB0I,textfile
3.8179433514455e-07,15,24038174,A,C,0.76559048104812,0.104147806345522,0.0205103468099462,rs926010,k__Bacteria.p__Actinobacteria,TRUE,reported,RqeB0I,textfile
4.85018627045149e-06,18,75219184,G,T,0.394177280074704,-0.0871340886823005,0.0190616781225328,rs12955365,k__Bacteria.p__Actinobacteria,TRUE,reported,RqeB0I,textfile
2.32292143252027e-13,2,136616754,T,C,0.756083202013821,-0.139992301932991,0.0191017722094399,rs182549,k__Bacteria.p__Actinobacteria,TRUE,reported,RqeB0I,textfile
2.23929391064185e-06,20,17496742,G,A,0.389459420367085,0.0799453420846533,0.0168998536936351,rs6044857,k__Bacteria.p__Actinobacteria,TRUE,reported,RqeB0I,textfile
4.22849617999483e-06,3,63012872,T,C,0.0727758788257161,-0.150322031096188,0.0326799582882247,rs74452406,k__Bacteria.p__Actinobacteria,TRUE,reported,RqeB0I,textfile
3.18875086309031e-06,5,79628446,T,C,0.236588280970471,0.0894152150208726,0.019194933155378,rs35344390,k__Bacteria.p__Actinobacteria,TRUE,reported,RqeB0I,textfile
3.31484066685046e-07,6,92899617,C,G,0.616961152262121,-0.084342456339746,0.016522813503068,rs2197344,k__Bacteria.p__Actinobacteria,TRUE,reported,RqeB0I,textfile
