pval.exposure,chr.exposure,pos.exposure,effect_allele.exposure,other_allele.exposure,eaf.exposure,beta.exposure,se.exposure,SNP,exposure,mr_keep.exposure,pval_origin.exposure,id.exposure,data_source.exposure
3.04623553222467e-06,11,69317280,A,G,0.0809066589370599,0.153283441333511,0.0328393384932521,rs78791321,k__Bacteria.p__Firmicutes.c__Negativicutes,TRUE,reported,evn1Ap,textfile
3.18587588219757e-06,12,91611380,C,T,0.0504393195528914,0.197356985396141,0.042365307859482,rs77764206,k__Bacteria.p__Firmicutes.c__Negativicutes,TRUE,reported,evn1Ap,textfile
4.09788693297025e-08,14,103588515,T,C,0.521968695085057,-0.102233441601676,0.0186333621380144,rs2282037,k__Bacteria.p__Firmicutes.c__Negativicutes,TRUE,reported,evn1Ap,textfile
4.38820094854122e-06,19,7892087,G,A,0.263675972390805,-0.0935377096001116,0.0203692921973582,rs12979658,k__Bacteria.p__Firmicutes.c__Negativicutes,TRUE,reported,evn1Ap,textfile
1.27615020139281e-06,2,124572776,G,A,0.855651974371516,-0.128329756784443,0.0264956214438547,rs12472147,k__Bacteria.p__Firmicutes.c__Negativicutes,TRUE,reported,evn1Ap,textfile
