pval.exposure,chr.exposure,pos.exposure,effect_allele.exposure,other_allele.exposure,eaf.exposure,beta.exposure,se.exposure,SNP,exposure,mr_keep.exposure,pval_origin.exposure,id.exposure,data_source.exposure
3.85707775346726e-06,2,101054149,G,T,0.694653537090512,0.0860766668573374,0.0186355941162198,rs4851317,k__Bacteria.p__Actinobacteria.c__Actinobacteria.o__Bifidobacteriales,TRUE,reported,PIIDb1,textfile
5.91372334081888e-15,2,136616754,T,C,0.755024712587739,-0.153277706541152,0.019636450730288,rs182549,k__Bacteria.p__Actinobacteria.c__Actinobacteria.o__Bifidobacteriales,TRUE,reported,PIIDb1,textfile
2.17947045021873e-07,3,63012872,T,C,0.0723786812022146,-0.175989486285532,0.0339529109992226,rs74452406,k__Bacteria.p__Actinobacteria.c__Actinobacteria.o__Bifidobacteriales,TRUE,reported,PIIDb1,textfile
3.04838230244324e-06,4,77541509,T,C,0.114125379881682,0.122762917520249,0.0263014584241885,rs4859454,k__Bacteria.p__Actinobacteria.c__Actinobacteria.o__Bifidobacteriales,TRUE,reported,PIIDb1,textfile
2.72150694679546e-06,5,79643369,C,T,0.464179996322853,0.078518898683914,0.0167389458649776,rs12657170,k__Bacteria.p__Actinobacteria.c__Actinobacteria.o__Bifidobacteriales,TRUE,reported,PIIDb1,textfile
4.23658306933471e-06,6,92883361,G,A,0.552534256946021,-0.0769355659580008,0.0167272132651719,rs10455532,k__Bacteria.p__Actinobacteria.c__Actinobacteria.o__Bifidobacteriales,TRUE,reported,PIIDb1,textfile
