pval.exposure,chr.exposure,pos.exposure,effect_allele.exposure,other_allele.exposure,eaf.exposure,beta.exposure,se.exposure,SNP,exposure,mr_keep.exposure,pval_origin.exposure,id.exposure,data_source.exposure
2.95614838119535e-06,10,13741632,A,C,0.348670047951675,0.124153943517342,0.0265635653863151,rs3750879,PWY.6708..ubiquinol.8.biosynthesis..prokaryotic.,TRUE,reported,5K0U9o,textfile
4.70120301746322e-06,13,81704666,T,C,0.0528665716056276,-0.272739243403534,0.0595799967311675,rs113976504,PWY.6708..ubiquinol.8.biosynthesis..prokaryotic.,TRUE,reported,5K0U9o,textfile
2.0018454873074e-08,2,231419306,G,A,0.117281855976511,0.222500221793742,0.0396483426377704,rs11898768,PWY.6708..ubiquinol.8.biosynthesis..prokaryotic.,TRUE,reported,5K0U9o,textfile
3.56597844161877e-06,3,193676416,C,T,0.0742992256736969,0.251351080194742,0.0542266238989942,rs2636908,PWY.6708..ubiquinol.8.biosynthesis..prokaryotic.,TRUE,reported,5K0U9o,textfile
1.13296673036782e-06,6,26378681,C,T,0.432380316348693,-0.123386830834247,0.0253516460199834,rs1624064,PWY.6708..ubiquinol.8.biosynthesis..prokaryotic.,TRUE,reported,5K0U9o,textfile
3.37799227799816e-06,8,50694780,T,A,0.871649549663376,-0.172647935087256,0.0371574600975045,rs12550124,PWY.6708..ubiquinol.8.biosynthesis..prokaryotic.,TRUE,reported,5K0U9o,textfile
