pval.exposure,chr.exposure,pos.exposure,effect_allele.exposure,other_allele.exposure,eaf.exposure,beta.exposure,se.exposure,SNP,exposure,mr_keep.exposure,pval_origin.exposure,id.exposure,data_source.exposure
1.49350724660156e-06,1,30172044,T,C,0.431651151396374,-0.152154758974443,0.0316191850231573,rs722497,k__Bacteria.p__Actinobacteria.c__Actinobacteria.o__Bifidobacteriales.f__Bifidobacteriaceae.g__Bifidobacterium.s__Bifidobacterium_bifidum,TRUE,reported,6bepM3,textfile
4.94797906291911e-06,13,114827500,G,A,0.6503396066903,-0.153081543113383,0.0335191956870757,rs9525230,k__Bacteria.p__Actinobacteria.c__Actinobacteria.o__Bifidobacteriales.f__Bifidobacteriaceae.g__Bifidobacterium.s__Bifidobacterium_bifidum,TRUE,reported,6bepM3,textfile
4.47748613974709e-06,13,30941441,A,G,0.340896907513618,0.15901292416794,0.0346592718995851,rs7334864,k__Bacteria.p__Actinobacteria.c__Actinobacteria.o__Bifidobacteriales.f__Bifidobacteriaceae.g__Bifidobacterium.s__Bifidobacterium_bifidum,TRUE,reported,6bepM3,textfile
4.00594214784165e-06,15,60021637,G,A,0.905193532582068,0.245761849429211,0.0532981813704813,rs11630244,k__Bacteria.p__Actinobacteria.c__Actinobacteria.o__Bifidobacteriales.f__Bifidobacteriaceae.g__Bifidobacterium.s__Bifidobacterium_bifidum,TRUE,reported,6bepM3,textfile
1.90123349898056e-07,18,74766684,T,C,0.0720110288113285,0.321323743756814,0.0616892963094583,rs59340188,k__Bacteria.p__Actinobacteria.c__Actinobacteria.o__Bifidobacteriales.f__Bifidobacteriaceae.g__Bifidobacterium.s__Bifidobacterium_bifidum,TRUE,reported,6bepM3,textfile
1.69998487925618e-06,2,206025813,C,T,0.733871324129848,-0.169774572246157,0.035471944546545,rs849116,k__Bacteria.p__Actinobacteria.c__Actinobacteria.o__Bifidobacteriales.f__Bifidobacteriaceae.g__Bifidobacterium.s__Bifidobacterium_bifidum,TRUE,reported,6bepM3,textfile
3.21640260531593e-06,2,9711055,A,G,0.105450999606114,-0.249612985000671,0.0536053532978508,rs17453521,k__Bacteria.p__Actinobacteria.c__Actinobacteria.o__Bifidobacteriales.f__Bifidobacteriaceae.g__Bifidobacterium.s__Bifidobacterium_bifidum,TRUE,reported,6bepM3,textfile
3.59280031167675e-06,3,8743076,G,A,0.0591492059832263,0.315157481663691,0.0680150009941225,rs9848175,k__Bacteria.p__Actinobacteria.c__Actinobacteria.o__Bifidobacteriales.f__Bifidobacteriaceae.g__Bifidobacterium.s__Bifidobacterium_bifidum,TRUE,reported,6bepM3,textfile
3.24121146266645e-06,4,185874675,C,T,0.150115764091036,0.208893701756536,0.0448759847382738,rs4861647,k__Bacteria.p__Actinobacteria.c__Actinobacteria.o__Bifidobacteriales.f__Bifidobacteriaceae.g__Bifidobacterium.s__Bifidobacterium_bifidum,TRUE,reported,6bepM3,textfile
5.54033687207593e-14,9,136149098,A,T,0.302547770700637,-0.253948587755825,0.0337764446318043,rs8176645,k__Bacteria.p__Actinobacteria.c__Actinobacteria.o__Bifidobacteriales.f__Bifidobacteriaceae.g__Bifidobacterium.s__Bifidobacterium_bifidum,TRUE,reported,6bepM3,textfile
1.89833714376113e-06,9,33875214,G,A,0.0606565409113178,-0.340244340671371,0.0714205432131166,rs62555927,k__Bacteria.p__Actinobacteria.c__Actinobacteria.o__Bifidobacteriales.f__Bifidobacteriaceae.g__Bifidobacterium.s__Bifidobacterium_bifidum,TRUE,reported,6bepM3,textfile
1.97745282110757e-06,X,21984632,T,C,0.0896986201405525,-0.23995871240473,0.0504569160583829,rs62591196,k__Bacteria.p__Actinobacteria.c__Actinobacteria.o__Bifidobacteriales.f__Bifidobacteriaceae.g__Bifidobacterium.s__Bifidobacterium_bifidum,TRUE,reported,6bepM3,textfile
