pval.exposure,chr.exposure,pos.exposure,effect_allele.exposure,other_allele.exposure,eaf.exposure,beta.exposure,se.exposure,SNP,exposure,mr_keep.exposure,pval_origin.exposure,id.exposure,data_source.exposure
4.12299256685788e-06,1,186786065,T,C,0.123737039488197,-0.189731739282885,0.0412004941172284,rs12022867,k__Bacteria.p__Bacteroidetes.c__Bacteroidia.o__Bacteroidales.f__Rikenellaceae.g__Alistipes.s__Alistipes_sp_AP11,TRUE,reported,Fuoj9L,textfile
3.10907187420471e-06,16,69959741,G,A,0.050821427181064,-0.279033058603238,0.0598336626744544,rs13333427,k__Bacteria.p__Bacteroidetes.c__Bacteroidia.o__Bacteroidales.f__Rikenellaceae.g__Alistipes.s__Alistipes_sp_AP11,TRUE,reported,Fuoj9L,textfile
1.26029860013846e-06,17,31608930,A,G,0.309212182556676,0.139350965867095,0.0287563821382082,rs1553042,k__Bacteria.p__Bacteroidetes.c__Bacteroidia.o__Bacteroidales.f__Rikenellaceae.g__Alistipes.s__Alistipes_sp_AP11,TRUE,reported,Fuoj9L,textfile
1.37268689391375e-08,8,15070111,T,C,0.82614746759061,0.193309204003635,0.034052726329559,rs28450200,k__Bacteria.p__Bacteroidetes.c__Bacteroidia.o__Bacteroidales.f__Rikenellaceae.g__Alistipes.s__Alistipes_sp_AP11,TRUE,reported,Fuoj9L,textfile
