pval.exposure,chr.exposure,pos.exposure,effect_allele.exposure,other_allele.exposure,eaf.exposure,beta.exposure,se.exposure,SNP,exposure,mr_keep.exposure,pval_origin.exposure,id.exposure,data_source.exposure
3.53133622570771e-08,1,95409858,A,G,0.169299147120995,0.118929008070083,0.0215731792649264,rs12137024,HISDEG.PWY..L.histidine.degradation.I,TRUE,reported,90P52i,textfile
1.01802058215734e-06,10,14094653,C,G,0.549486267912109,-0.0807259492790617,0.016514714058183,rs11818856,HISDEG.PWY..L.histidine.degradation.I,TRUE,reported,90P52i,textfile
8.77502055282834e-07,19,6810484,C,G,0.105458070377119,0.158715622424293,0.0322770470160728,rs3095927,HISDEG.PWY..L.histidine.degradation.I,TRUE,reported,90P52i,textfile
2.74538503115707e-06,3,30775466,G,T,0.389025495017471,0.078269731601422,0.0166921882723912,rs6783574,HISDEG.PWY..L.histidine.degradation.I,TRUE,reported,90P52i,textfile
1.3991866512299e-06,4,105011169,A,C,0.25344260131903,0.0905244959248919,0.0187610851205999,rs1501270,HISDEG.PWY..L.histidine.degradation.I,TRUE,reported,90P52i,textfile
3.47585380335722e-06,5,14111048,A,G,0.271580173417885,0.0846346513804616,0.0182383037953859,rs11948304,HISDEG.PWY..L.histidine.degradation.I,TRUE,reported,90P52i,textfile
1.59185416318921e-06,6,32656038,C,T,0.320124747194072,-0.0867746695326844,0.0180805235763858,rs9275187,HISDEG.PWY..L.histidine.degradation.I,TRUE,reported,90P52i,textfile
4.33468255072354e-06,8,29275779,C,T,0.0867975040410972,-0.145775974719014,0.0317273030925228,rs2175835,HISDEG.PWY..L.histidine.degradation.I,TRUE,reported,90P52i,textfile
