pval.exposure,chr.exposure,pos.exposure,effect_allele.exposure,other_allele.exposure,eaf.exposure,beta.exposure,se.exposure,SNP,exposure,mr_keep.exposure,pval_origin.exposure,id.exposure,data_source.exposure
4.49908044381143e-06,13,99384317,G,A,0.10541508638854,0.145649539252769,0.0317534742901064,rs4646215,k__Bacteria.p__Actinobacteria.c__Actinobacteria.o__Bifidobacteriales.f__Bifidobacteriaceae.g__Bifidobacterium.s__Bifidobacterium_adolescentis,TRUE,reported,QLTlgv,textfile
3.90144723079923e-06,14,55666085,T,C,0.0554057906348382,0.184682475151051,0.040004309151558,rs74394156,k__Bacteria.p__Actinobacteria.c__Actinobacteria.o__Bifidobacteriales.f__Bifidobacteriaceae.g__Bifidobacterium.s__Bifidobacterium_adolescentis,TRUE,reported,QLTlgv,textfile
4.11305367368601e-06,16,85669376,T,C,0.302175516224187,0.103316530031095,0.0224328724596617,rs8045380,k__Bacteria.p__Actinobacteria.c__Actinobacteria.o__Bifidobacteriales.f__Bifidobacteriaceae.g__Bifidobacterium.s__Bifidobacterium_adolescentis,TRUE,reported,QLTlgv,textfile
7.06245336809596e-14,2,136707982,C,T,0.251472137527577,0.155850691420997,0.0208169955176722,rs6754311,k__Bacteria.p__Actinobacteria.c__Actinobacteria.o__Bifidobacteriales.f__Bifidobacteriaceae.g__Bifidobacterium.s__Bifidobacterium_adolescentis,TRUE,reported,QLTlgv,textfile
1.84946714276888e-07,4,62600423,G,A,0.366750328449964,0.09718832578582,0.0186403632481442,rs4351047,k__Bacteria.p__Actinobacteria.c__Actinobacteria.o__Bifidobacteriales.f__Bifidobacteriaceae.g__Bifidobacterium.s__Bifidobacterium_adolescentis,TRUE,reported,QLTlgv,textfile
3.92422843405767e-06,6,92885622,C,T,0.548600679209736,-0.0827609686302629,0.0179316559969648,rs4256405,k__Bacteria.p__Actinobacteria.c__Actinobacteria.o__Bifidobacteriales.f__Bifidobacteriaceae.g__Bifidobacterium.s__Bifidobacterium_adolescentis,TRUE,reported,QLTlgv,textfile
3.64448112140261e-06,8,106880649,T,C,0.214996839443742,0.0995351064703987,0.0214946570519737,rs11986537,k__Bacteria.p__Actinobacteria.c__Actinobacteria.o__Bifidobacteriales.f__Bifidobacteriaceae.g__Bifidobacterium.s__Bifidobacterium_adolescentis,TRUE,reported,QLTlgv,textfile
4.67310227602351e-06,9,95579816,G,A,0.51861195805756,0.0844344781336139,0.0184396928281881,rs4110696,k__Bacteria.p__Actinobacteria.c__Actinobacteria.o__Bifidobacteriales.f__Bifidobacteriaceae.g__Bifidobacterium.s__Bifidobacterium_adolescentis,TRUE,reported,QLTlgv,textfile
