pval.exposure,chr.exposure,pos.exposure,effect_allele.exposure,other_allele.exposure,eaf.exposure,beta.exposure,se.exposure,SNP,exposure,mr_keep.exposure,pval_origin.exposure,id.exposure,data_source.exposure
7.5235317518573e-09,1,48103139,G,A,0.307959375661846,-0.14070804398424,0.024349007606187,rs10159356,PWY_REDCITCYC..TCA.cycle.VIII..helicobacter.,TRUE,reported,ppqL7o,textfile
3.39947021519784e-06,1,59551207,C,A,0.106003516704346,-0.167342349524946,0.0360257305297553,rs61545203,PWY_REDCITCYC..TCA.cycle.VIII..helicobacter.,TRUE,reported,ppqL7o,textfile
3.73092079618904e-06,1,84043269,A,G,0.171606798961735,0.137461495490833,0.0297160389272748,rs12035973,PWY_REDCITCYC..TCA.cycle.VIII..helicobacter.,TRUE,reported,ppqL7o,textfile
1.08204173767583e-06,16,12628286,T,C,0.0512434061793519,0.244418069864982,0.0501257371104644,rs8057488,PWY_REDCITCYC..TCA.cycle.VIII..helicobacter.,TRUE,reported,ppqL7o,textfile
3.91821256117347e-06,18,71504308,C,A,0.582177105959189,-0.116121057121717,0.0251579839871513,rs9965721,PWY_REDCITCYC..TCA.cycle.VIII..helicobacter.,TRUE,reported,ppqL7o,textfile
2.86416177308252e-06,3,167619583,T,A,0.923443710566367,0.205908392632929,0.0439944354894151,rs2420153,PWY_REDCITCYC..TCA.cycle.VIII..helicobacter.,TRUE,reported,ppqL7o,textfile
1.67174438409215e-06,7,155148917,C,A,0.104566790293108,-0.173723917469447,0.0362716187184633,rs3923652,PWY_REDCITCYC..TCA.cycle.VIII..helicobacter.,TRUE,reported,ppqL7o,textfile
