pval.exposure,chr.exposure,pos.exposure,effect_allele.exposure,other_allele.exposure,eaf.exposure,beta.exposure,se.exposure,SNP,exposure,mr_keep.exposure,pval_origin.exposure,id.exposure,data_source.exposure
4.84967333435957e-08,11,123312063,G,A,0.598328060764448,-0.0959622908591562,0.0175860250123312,rs2714053,PWY.6147..6.hydroxymethyl.dihydropterin.diphosphate.biosynthesis.I,TRUE,reported,9h56ui,textfile
6.64703258867737e-07,11,68728397,C,T,0.565991421250236,0.0803808393301212,0.0161686447678844,rs10792007,PWY.6147..6.hydroxymethyl.dihydropterin.diphosphate.biosynthesis.I,TRUE,reported,9h56ui,textfile
3.48231815193283e-06,16,78716583,C,A,0.822267051793438,-0.100029141537456,0.0215575157612677,rs2548882,PWY.6147..6.hydroxymethyl.dihydropterin.diphosphate.biosynthesis.I,TRUE,reported,9h56ui,textfile
3.48020241727523e-06,18,24097691,T,C,0.14337541199905,-0.115536895043458,0.0248989543078554,rs73401412,PWY.6147..6.hydroxymethyl.dihydropterin.diphosphate.biosynthesis.I,TRUE,reported,9h56ui,textfile
3.09017334870925e-06,18,5888920,T,G,0.598420012328132,0.0791541485551464,0.0169686326989696,rs1940600,PWY.6147..6.hydroxymethyl.dihydropterin.diphosphate.biosynthesis.I,TRUE,reported,9h56ui,textfile
3.91346795677909e-06,4,137349221,A,C,0.231878409976617,0.0887251859253521,0.0192215365032574,rs11732083,PWY.6147..6.hydroxymethyl.dihydropterin.diphosphate.biosynthesis.I,TRUE,reported,9h56ui,textfile
4.75349084592748e-06,8,135439952,G,C,0.522459615178885,0.073188410736761,0.0159961269625924,rs7462652,PWY.6147..6.hydroxymethyl.dihydropterin.diphosphate.biosynthesis.I,TRUE,reported,9h56ui,textfile
2.32586242913766e-06,8,59941575,G,A,0.469277734476487,-0.0759099550245848,0.0160729835372623,rs1366290,PWY.6147..6.hydroxymethyl.dihydropterin.diphosphate.biosynthesis.I,TRUE,reported,9h56ui,textfile
