pval.exposure,chr.exposure,pos.exposure,effect_allele.exposure,other_allele.exposure,eaf.exposure,beta.exposure,se.exposure,SNP,exposure,mr_keep.exposure,pval_origin.exposure,id.exposure,data_source.exposure
1.79235836809848e-06,1,168453455,A,G,0.154511983133915,-0.109939399440358,0.0230214096135684,rs11588127,PWY.841..superpathway.of.purine.nucleotides.de.novo.biosynthesis.I,TRUE,reported,nJ18jt,textfile
2.78799274819466e-06,11,116353776,A,C,0.0603515120186095,-0.158755432487442,0.0338797452642579,rs57187632,PWY.841..superpathway.of.purine.nucleotides.de.novo.biosynthesis.I,TRUE,reported,nJ18jt,textfile
1.76229782433708e-06,3,13608656,T,C,0.0730988906288801,0.149181129151914,0.0312164234439775,rs60748324,PWY.841..superpathway.of.purine.nucleotides.de.novo.biosynthesis.I,TRUE,reported,nJ18jt,textfile
3.47412603904363e-08,3,150194351,A,G,0.346665805117601,0.0920891494692722,0.0166958505940683,rs1584586,PWY.841..superpathway.of.purine.nucleotides.de.novo.biosynthesis.I,TRUE,reported,nJ18jt,textfile
3.65005964146263e-06,7,155051832,G,A,0.127539922663304,0.11272849132888,0.0243454401341068,rs35698389,PWY.841..superpathway.of.purine.nucleotides.de.novo.biosynthesis.I,TRUE,reported,nJ18jt,textfile
