pval.exposure,chr.exposure,pos.exposure,effect_allele.exposure,other_allele.exposure,eaf.exposure,beta.exposure,se.exposure,SNP,exposure,mr_keep.exposure,pval_origin.exposure,id.exposure,data_source.exposure
1.06219354711593e-07,12,119663906,C,T,0.149904206538316,-0.125021643539099,0.0235191011181696,rs61939486,k__Bacteria.p__Actinobacteria.c__Actinobacteria,TRUE,reported,02j5AF,textfile
3.81448417795017e-07,15,24038174,A,C,0.76559048104812,0.104151131204128,0.0205103057777396,rs926010,k__Bacteria.p__Actinobacteria.c__Actinobacteria,TRUE,reported,02j5AF,textfile
4.8573483419858e-06,18,75219184,G,T,0.394177280074704,-0.087128020988787,0.0190616399884768,rs12955365,k__Bacteria.p__Actinobacteria.c__Actinobacteria,TRUE,reported,02j5AF,textfile
2.32063684023775e-13,2,136616754,T,C,0.756083202013821,-0.139994541206966,0.0191017339951732,rs182549,k__Bacteria.p__Actinobacteria.c__Actinobacteria,TRUE,reported,02j5AF,textfile
2.24109848552246e-06,20,17496742,G,A,0.389459420367085,0.0799424186417455,0.0168998198844414,rs6044857,k__Bacteria.p__Actinobacteria.c__Actinobacteria,TRUE,reported,02j5AF,textfile
4.23810136935033e-06,3,63012872,T,C,0.0727758788257161,-0.150306282919307,0.0326798929099641,rs74452406,k__Bacteria.p__Actinobacteria.c__Actinobacteria,TRUE,reported,02j5AF,textfile
3.18560934258834e-06,5,79628446,T,C,0.236588280970471,0.0894189317593592,0.0191948947547371,rs35344390,k__Bacteria.p__Actinobacteria.c__Actinobacteria,TRUE,reported,02j5AF,textfile
3.32206335390031e-07,6,92899617,C,G,0.616961152262121,-0.0843354863038451,0.0165227804481663,rs2197344,k__Bacteria.p__Actinobacteria.c__Actinobacteria,TRUE,reported,02j5AF,textfile
