pval.exposure,chr.exposure,pos.exposure,effect_allele.exposure,other_allele.exposure,eaf.exposure,beta.exposure,se.exposure,SNP,exposure,mr_keep.exposure,pval_origin.exposure,id.exposure,data_source.exposure
3.05442050054299e-06,1,208172725,T,C,0.446454978993405,-0.0769953522570462,0.0164973802736698,rs1751578,PWY.6151..S.adenosyl.L.methionine.cycle.I,TRUE,reported,5HYFuM,textfile
1.79282812902318e-09,1,4220095,A,C,0.0865727578185584,0.181258984925214,0.0301317659076913,rs7513344,PWY.6151..S.adenosyl.L.methionine.cycle.I,TRUE,reported,5HYFuM,textfile
2.50084428483183e-06,12,94289723,G,C,0.464290565024149,0.0764044169247257,0.0162284258881122,rs12833807,PWY.6151..S.adenosyl.L.methionine.cycle.I,TRUE,reported,5HYFuM,textfile
5.88872147425718e-07,15,101676776,T,C,0.113678358394283,-0.140893304724008,0.0282078203958635,rs116996492,PWY.6151..S.adenosyl.L.methionine.cycle.I,TRUE,reported,5HYFuM,textfile
3.1934900215537e-06,21,23720260,A,G,0.0777869845275941,-0.140763794369877,0.0302200135484601,rs2827430,PWY.6151..S.adenosyl.L.methionine.cycle.I,TRUE,reported,5HYFuM,textfile
1.09589760256125e-07,22,37904251,C,T,0.528301886792453,-0.0835143604776584,0.0157275767917387,rs2235334,PWY.6151..S.adenosyl.L.methionine.cycle.I,TRUE,reported,5HYFuM,textfile
3.95956148081516e-06,4,137651020,A,G,0.144953096255305,-0.108275558123711,0.0234693192734288,rs62314649,PWY.6151..S.adenosyl.L.methionine.cycle.I,TRUE,reported,5HYFuM,textfile
2.18992896197822e-06,5,169646064,C,T,0.384954059163083,0.0768625446807104,0.0162326525209266,rs6879880,PWY.6151..S.adenosyl.L.methionine.cycle.I,TRUE,reported,5HYFuM,textfile
1.45854091477042e-06,6,15736512,A,G,0.190269816895484,0.0987122928769501,0.0204931906376007,rs12530267,PWY.6151..S.adenosyl.L.methionine.cycle.I,TRUE,reported,5HYFuM,textfile
