pval.exposure,chr.exposure,pos.exposure,effect_allele.exposure,other_allele.exposure,eaf.exposure,beta.exposure,se.exposure,SNP,exposure,mr_keep.exposure,pval_origin.exposure,id.exposure,data_source.exposure
3.45062358453215e-06,12,119644004,A,G,0.0787996461742614,0.155347354670165,0.0334656494923473,rs73412051,k__Bacteria.p__Actinobacteria.c__Actinobacteria.o__Bifidobacteriales.f__Bifidobacteriaceae.g__Bifidobacterium.s__Bifidobacterium_longum,TRUE,reported,6kes96,textfile
3.17870083608486e-08,2,136407479,G,A,0.22812030075188,0.115633920806555,0.0209053868364113,rs1446585,k__Bacteria.p__Actinobacteria.c__Actinobacteria.o__Bifidobacteriales.f__Bifidobacteriaceae.g__Bifidobacterium.s__Bifidobacterium_longum,TRUE,reported,6kes96,textfile
3.17874763131921e-06,2,35127980,G,A,0.321654135338346,-0.0876714957683253,0.0188179923527391,rs13391731,k__Bacteria.p__Actinobacteria.c__Actinobacteria.o__Bifidobacteriales.f__Bifidobacteriaceae.g__Bifidobacterium.s__Bifidobacterium_longum,TRUE,reported,6kes96,textfile
1.07480918718829e-06,3,21647818,T,C,0.133533834586466,0.128653992542116,0.0263774536462379,rs6780177,k__Bacteria.p__Actinobacteria.c__Actinobacteria.o__Bifidobacteriales.f__Bifidobacteriaceae.g__Bifidobacterium.s__Bifidobacterium_longum,TRUE,reported,6kes96,textfile
2.32815225768051e-06,4,118215853,C,T,0.751453339230429,0.097887119777686,0.0207272512893705,rs10033190,k__Bacteria.p__Actinobacteria.c__Actinobacteria.o__Bifidobacteriales.f__Bifidobacteriaceae.g__Bifidobacterium.s__Bifidobacterium_longum,TRUE,reported,6kes96,textfile
6.0074135219641e-07,6,1602451,T,A,0.0990623617868236,-0.155641993336539,0.0311846641598495,rs7761703,k__Bacteria.p__Actinobacteria.c__Actinobacteria.o__Bifidobacteriales.f__Bifidobacteriaceae.g__Bifidobacterium.s__Bifidobacterium_longum,TRUE,reported,6kes96,textfile
