pval.exposure,chr.exposure,pos.exposure,effect_allele.exposure,other_allele.exposure,eaf.exposure,beta.exposure,se.exposure,SNP,exposure,mr_keep.exposure,pval_origin.exposure,id.exposure,data_source.exposure
1.12753092999428e-06,11,112298767,T,C,0.0599434706009091,-0.169135919058316,0.0347446842549848,rs117005933,PWY.7234..inosine.5..phosphate.biosynthesis.III,TRUE,reported,WcCZCd,textfile
5.45879893202209e-07,11,123575348,A,G,0.901907550350457,-0.138114726556539,0.0275708788106671,rs1275053,PWY.7234..inosine.5..phosphate.biosynthesis.III,TRUE,reported,WcCZCd,textfile
3.51089892654721e-06,16,23274991,A,G,0.0650247791424294,-0.160161151838732,0.0345292786026604,rs112075774,PWY.7234..inosine.5..phosphate.biosynthesis.III,TRUE,reported,WcCZCd,textfile
1.58347005315945e-07,20,46414971,T,C,0.0973020520425382,0.145157435185943,0.0276881697626604,rs928495,PWY.7234..inosine.5..phosphate.biosynthesis.III,TRUE,reported,WcCZCd,textfile
1.1558315059363e-08,20,50415961,C,A,0.0501897410547925,-0.211348143560277,0.0370388787293187,rs79676117,PWY.7234..inosine.5..phosphate.biosynthesis.III,TRUE,reported,WcCZCd,textfile
3.09918070411862e-06,6,144357756,A,C,0.0801647717910712,-0.14766190755501,0.0316590131882923,rs35096174,PWY.7234..inosine.5..phosphate.biosynthesis.III,TRUE,reported,WcCZCd,textfile
6.31195003566886e-07,X,8597022,A,G,0.644796371459961,-0.0700738652750879,0.0140670472583298,rs4830401,PWY.7234..inosine.5..phosphate.biosynthesis.III,TRUE,reported,WcCZCd,textfile
