pval.exposure,chr.exposure,pos.exposure,effect_allele.exposure,other_allele.exposure,eaf.exposure,beta.exposure,se.exposure,SNP,exposure,mr_keep.exposure,pval_origin.exposure,id.exposure,data_source.exposure
9.36728265586649e-07,13,114968298,T,C,0.0658176448874123,-0.164897626342941,0.0336218032443876,rs118184992,LACTOSECAT.PWY..lactose.and.galactose.degradation.I,TRUE,reported,ch8Ngg,textfile
3.91933164028623e-06,14,95024931,A,G,0.656995201181248,-0.0814630589976676,0.0176494489095531,rs7147611,LACTOSECAT.PWY..lactose.and.galactose.degradation.I,TRUE,reported,ch8Ngg,textfile
3.6530407564506e-06,19,50782169,T,C,0.0984987405815053,0.13623226645335,0.0294225136056303,rs80205307,LACTOSECAT.PWY..lactose.and.galactose.degradation.I,TRUE,reported,ch8Ngg,textfile
8.18113003423911e-07,21,26572440,A,G,0.0514950166112957,-0.185894698101059,0.0376992170086133,rs9982657,LACTOSECAT.PWY..lactose.and.galactose.degradation.I,TRUE,reported,ch8Ngg,textfile
3.21872038771245e-07,3,3679852,G,C,0.0958610188261351,0.142865446846111,0.0279570925742677,rs17034687,LACTOSECAT.PWY..lactose.and.galactose.degradation.I,TRUE,reported,ch8Ngg,textfile
4.22766500583441e-06,4,181589651,A,T,0.5640495733177,0.0782579016073656,0.0170130896503262,rs1833677,LACTOSECAT.PWY..lactose.and.galactose.degradation.I,TRUE,reported,ch8Ngg,textfile
1.60457418072152e-06,7,155049928,G,A,0.057090200421255,0.172050437385021,0.0358606465451176,rs4960590,LACTOSECAT.PWY..lactose.and.galactose.degradation.I,TRUE,reported,ch8Ngg,textfile
2.34923849879089e-06,8,25073445,C,A,0.0547168479795054,-0.196501311472882,0.0416246169916331,rs191667368,LACTOSECAT.PWY..lactose.and.galactose.degradation.I,TRUE,reported,ch8Ngg,textfile
5.38225600527948e-15,9,136149399,A,G,0.177602436323367,0.169889546208892,0.0217315623697392,rs507666,LACTOSECAT.PWY..lactose.and.galactose.degradation.I,TRUE,reported,ch8Ngg,textfile
