pval.exposure,chr.exposure,pos.exposure,effect_allele.exposure,other_allele.exposure,eaf.exposure,beta.exposure,se.exposure,SNP,exposure,mr_keep.exposure,pval_origin.exposure,id.exposure,data_source.exposure
4.41874204606583e-06,1,47398496,G,A,0.138917399711597,-0.108663947865445,0.0236707263342408,rs1126742,PYRIDNUCSYN.PWY..NAD.biosynthesis.I..from.aspartate.,TRUE,reported,KppUBA,textfile
4.28182256562792e-07,1,53281430,T,C,0.0872441312055419,-0.156463205601342,0.0309461570451889,rs143920868,PYRIDNUCSYN.PWY..NAD.biosynthesis.I..from.aspartate.,TRUE,reported,KppUBA,textfile
3.14513125654696e-06,11,66690149,C,T,0.19939633084719,0.0943691943110174,0.0202460904599811,rs74459573,PYRIDNUCSYN.PWY..NAD.biosynthesis.I..from.aspartate.,TRUE,reported,KppUBA,textfile
3.35712822280571e-06,13,36089568,C,G,0.180111610367297,-0.0999896310570188,0.0215139476758861,rs12871823,PYRIDNUCSYN.PWY..NAD.biosynthesis.I..from.aspartate.,TRUE,reported,KppUBA,textfile
2.93321466320621e-08,14,73763641,T,C,0.0706650244432813,-0.18529625056293,0.0334145451999738,rs148280750,PYRIDNUCSYN.PWY..NAD.biosynthesis.I..from.aspartate.,TRUE,reported,KppUBA,textfile
3.15521509371872e-06,16,26948266,C,T,0.887513273371906,-0.125728898193568,0.0269778553196204,rs8045981,PYRIDNUCSYN.PWY..NAD.biosynthesis.I..from.aspartate.,TRUE,reported,KppUBA,textfile
4.68860448365939e-06,3,106791247,C,T,0.26499428516398,0.084200545747298,0.0183913870992125,rs9811455,PYRIDNUCSYN.PWY..NAD.biosynthesis.I..from.aspartate.,TRUE,reported,KppUBA,textfile
2.05532418502767e-06,6,32157639,T,C,0.0894497284502538,-0.134211199278858,0.0282674443794352,rs169503,PYRIDNUCSYN.PWY..NAD.biosynthesis.I..from.aspartate.,TRUE,reported,KppUBA,textfile
3.07045254966879e-06,X,12810554,G,C,0.181678488850594,0.0869422326943981,0.0186329412846204,rs62589389,PYRIDNUCSYN.PWY..NAD.biosynthesis.I..from.aspartate.,TRUE,reported,KppUBA,textfile
1.11056757168767e-06,X,14947725,A,G,0.609990954399109,0.0676601624016326,0.0138905161206577,rs12390114,PYRIDNUCSYN.PWY..NAD.biosynthesis.I..from.aspartate.,TRUE,reported,KppUBA,textfile
