pval.exposure,chr.exposure,pos.exposure,effect_allele.exposure,other_allele.exposure,eaf.exposure,beta.exposure,se.exposure,SNP,exposure,mr_keep.exposure,pval_origin.exposure,id.exposure,data_source.exposure
1.35773136975624e-06,1,190995271,T,C,0.20459226048672,-0.0989151477448499,0.0204746161872896,rs10801008,PWY.6353..purine.nucleotides.degradation.II..aerobic.,TRUE,reported,q47gor,textfile
3.03077015480271e-06,1,242928602,C,T,0.177997609879166,-0.100104110606355,0.0214414307440974,rs7527876,PWY.6353..purine.nucleotides.degradation.II..aerobic.,TRUE,reported,q47gor,textfile
3.28343081601698e-06,12,43104353,G,T,0.0540370390620733,-0.169028194297271,0.0363326200515787,rs4551833,PWY.6353..purine.nucleotides.degradation.II..aerobic.,TRUE,reported,q47gor,textfile
3.75460135277541e-06,22,36576231,C,G,0.291621298632319,0.0872356622951035,0.0188637074293819,rs132685,PWY.6353..purine.nucleotides.degradation.II..aerobic.,TRUE,reported,q47gor,textfile
8.12643432627943e-07,5,144586523,A,C,0.416050520593313,-0.0828222024336711,0.0167917799666357,rs2895633,PWY.6353..purine.nucleotides.degradation.II..aerobic.,TRUE,reported,q47gor,textfile
4.62078434354383e-06,5,165313869,C,T,0.227849854587966,0.0928376660140569,0.0202644488780011,rs396769,PWY.6353..purine.nucleotides.degradation.II..aerobic.,TRUE,reported,q47gor,textfile
1.039802272845e-06,6,10213643,A,C,0.129566940306862,-0.120362728280387,0.0246445338381241,rs12201310,PWY.6353..purine.nucleotides.degradation.II..aerobic.,TRUE,reported,q47gor,textfile
4.2588054984591e-08,8,23415240,A,G,0.0902270614792192,-0.156047356035541,0.0284769932550949,rs2137304,PWY.6353..purine.nucleotides.degradation.II..aerobic.,TRUE,reported,q47gor,textfile
1.75661549842681e-06,9,118124074,A,G,0.148984198645598,-0.110372228115617,0.0230924521418135,rs12336386,PWY.6353..purine.nucleotides.degradation.II..aerobic.,TRUE,reported,q47gor,textfile
