pval.exposure,chr.exposure,pos.exposure,effect_allele.exposure,other_allele.exposure,eaf.exposure,beta.exposure,se.exposure,SNP,exposure,mr_keep.exposure,pval_origin.exposure,id.exposure,data_source.exposure
4.318707649373e-06,1,204973138,G,A,0.409843760477436,0.0958588557135075,0.0208596337493621,rs10900435,k__Bacteria.p__Proteobacteria.c__Gammaproteobacteria.o__Enterobacteriales.f__Enterobacteriaceae.g__Escherichia.s__Escherichia_unclassified,TRUE,reported,joa6g0,textfile
1.68320413642692e-07,12,61422160,G,A,0.367898517282592,0.10900195049354,0.02083648659455,rs12300342,k__Bacteria.p__Proteobacteria.c__Gammaproteobacteria.o__Enterobacteriales.f__Enterobacteriaceae.g__Escherichia.s__Escherichia_unclassified,TRUE,reported,joa6g0,textfile
3.91366895047225e-07,5,44055894,C,T,0.0506182919758135,0.244255530848924,0.048147102903139,rs115534005,k__Bacteria.p__Proteobacteria.c__Gammaproteobacteria.o__Enterobacteriales.f__Enterobacteriaceae.g__Escherichia.s__Escherichia_unclassified,TRUE,reported,joa6g0,textfile
3.9586240978658e-06,7,22134585,G,C,0.179934601078412,-0.120101995108913,0.0260324866048554,rs12700345,k__Bacteria.p__Proteobacteria.c__Gammaproteobacteria.o__Enterobacteriales.f__Enterobacteriaceae.g__Escherichia.s__Escherichia_unclassified,TRUE,reported,joa6g0,textfile
2.12031535986983e-06,9,125844582,A,G,0.19118219003554,-0.126729087463219,0.0267270434419856,rs2791437,k__Bacteria.p__Proteobacteria.c__Gammaproteobacteria.o__Enterobacteriales.f__Enterobacteriaceae.g__Escherichia.s__Escherichia_unclassified,TRUE,reported,joa6g0,textfile
4.14694475351978e-08,X,32213962,C,T,0.464021444320679,0.0934247960430757,0.0170344038926181,rs921896,k__Bacteria.p__Proteobacteria.c__Gammaproteobacteria.o__Enterobacteriales.f__Enterobacteriaceae.g__Escherichia.s__Escherichia_unclassified,TRUE,reported,joa6g0,textfile
