pval.exposure,chr.exposure,pos.exposure,effect_allele.exposure,other_allele.exposure,eaf.exposure,beta.exposure,se.exposure,SNP,exposure,mr_keep.exposure,pval_origin.exposure,id.exposure,data_source.exposure
4.60179206954388e-06,17,64584932,A,G,0.217002564200697,0.0912552702282461,0.0199153028641016,rs11652058,k__Bacteria.p__Actinobacteria.c__Actinobacteria.o__Coriobacteriales,TRUE,reported,mMXFep,textfile
5.82188847150202e-07,2,40343367,C,A,0.52898643907791,-0.101273466185914,0.0202667164974436,rs976260,k__Bacteria.p__Actinobacteria.c__Actinobacteria.o__Coriobacteriales,TRUE,reported,mMXFep,textfile
1.1036382328578e-06,3,194731909,G,A,0.868769566382181,0.118166379515508,0.0242532003884099,rs4234207,k__Bacteria.p__Actinobacteria.c__Actinobacteria.o__Coriobacteriales,TRUE,reported,mMXFep,textfile
4.492122881087e-06,3,68010971,C,G,0.696356793856124,-0.082009997245164,0.0178779751633637,rs28806584,k__Bacteria.p__Actinobacteria.c__Actinobacteria.o__Coriobacteriales,TRUE,reported,mMXFep,textfile
2.66685786080851e-06,7,153780749,A,C,0.606662329212752,0.0825064351349811,0.0175734824860504,rs2907732,k__Bacteria.p__Actinobacteria.c__Actinobacteria.o__Coriobacteriales,TRUE,reported,mMXFep,textfile
3.84298873096545e-06,8,106944849,G,C,0.105461619911462,0.123064163967907,0.0266390058914561,rs78362376,k__Bacteria.p__Actinobacteria.c__Actinobacteria.o__Coriobacteriales,TRUE,reported,mMXFep,textfile
3.0294183444582e-09,9,136146597,T,C,0.250227716330514,0.110155006904245,0.0185758986399797,rs550057,k__Bacteria.p__Actinobacteria.c__Actinobacteria.o__Coriobacteriales,TRUE,reported,mMXFep,textfile
