pval.exposure,chr.exposure,pos.exposure,effect_allele.exposure,other_allele.exposure,eaf.exposure,beta.exposure,se.exposure,SNP,exposure,mr_keep.exposure,pval_origin.exposure,id.exposure,data_source.exposure
8.58719887435402e-15,2,136616754,T,C,0.754899254014141,-0.152230556826121,0.0196208795285263,rs182549,k__Bacteria.p__Actinobacteria.c__Actinobacteria.o__Bifidobacteriales.f__Bifidobacteriaceae.g__Bifidobacterium,TRUE,reported,O0BqvD,textfile
4.61196826530161e-07,3,63012872,T,C,0.0721825229263474,-0.171486135521942,0.0340129456903651,rs74452406,k__Bacteria.p__Actinobacteria.c__Actinobacteria.o__Bifidobacteriales.f__Bifidobacteriaceae.g__Bifidobacterium,TRUE,reported,O0BqvD,textfile
4.97346253548483e-06,4,168344708,G,A,0.103148515065883,-0.125654654032275,0.0275202135038926,rs4472164,k__Bacteria.p__Actinobacteria.c__Actinobacteria.o__Bifidobacteriales.f__Bifidobacteriaceae.g__Bifidobacterium,TRUE,reported,O0BqvD,textfile
4.54371717579988e-06,4,77541509,T,C,0.114251415640801,0.120463104139998,0.0262743208715349,rs4859454,k__Bacteria.p__Actinobacteria.c__Actinobacteria.o__Bifidobacteriales.f__Bifidobacteriaceae.g__Bifidobacterium,TRUE,reported,O0BqvD,textfile
4.10340176317997e-06,5,79643369,C,T,0.464323415727417,0.0770322782036733,0.0167240602755406,rs12657170,k__Bacteria.p__Actinobacteria.c__Actinobacteria.o__Bifidobacteriales.f__Bifidobacteriaceae.g__Bifidobacterium,TRUE,reported,O0BqvD,textfile
4.1397024175512e-06,6,92883361,G,A,0.552592273795216,-0.0769908424746041,0.0167217181977327,rs10455532,k__Bacteria.p__Actinobacteria.c__Actinobacteria.o__Bifidobacteriales.f__Bifidobacteriaceae.g__Bifidobacterium,TRUE,reported,O0BqvD,textfile
