pval.exposure,chr.exposure,pos.exposure,effect_allele.exposure,other_allele.exposure,eaf.exposure,beta.exposure,se.exposure,SNP,exposure,mr_keep.exposure,pval_origin.exposure,id.exposure,data_source.exposure
2.6485343687333e-06,1,149922960,C,T,0.439362091503268,0.0993127544220099,0.0211468022899055,rs6587723,PWY.7209..superpathway.of.pyrimidine.ribonucleosides.degradation,TRUE,reported,VwnQIe,textfile
1.81182553791769e-06,11,115095846,C,T,0.0526883286647992,0.226829674389551,0.047519973511962,rs11215429,PWY.7209..superpathway.of.pyrimidine.ribonucleosides.degradation,TRUE,reported,VwnQIe,textfile
4.6098509181281e-07,16,83249023,A,C,0.931330718954249,-0.221577004794644,0.043947315549789,rs4783336,PWY.7209..superpathway.of.pyrimidine.ribonucleosides.degradation,TRUE,reported,VwnQIe,textfile
2.15692581088084e-06,3,122859973,T,A,0.602729785247433,-0.0986201336943133,0.0208141186038426,rs836868,PWY.7209..superpathway.of.pyrimidine.ribonucleosides.degradation,TRUE,reported,VwnQIe,textfile
2.38842518736786e-06,3,171893650,G,A,0.527657142857142,0.0946117571800608,0.0200557839443782,rs6805759,PWY.7209..superpathway.of.pyrimidine.ribonucleosides.degradation,TRUE,reported,VwnQIe,textfile
3.92603594098022e-06,4,163565725,A,G,0.0855043884220357,-0.164382656786672,0.0356172043485258,rs10489050,PWY.7209..superpathway.of.pyrimidine.ribonucleosides.degradation,TRUE,reported,VwnQIe,textfile
4.8875392920985e-08,5,132025487,T,A,0.128551633986928,-0.161150087711777,0.0295398042945716,rs11242123,PWY.7209..superpathway.of.pyrimidine.ribonucleosides.degradation,TRUE,reported,VwnQIe,textfile
3.3044924440091e-06,6,150752939,G,C,0.0630625583566762,-0.188862156676391,0.0406074383621311,rs617079,PWY.7209..superpathway.of.pyrimidine.ribonucleosides.degradation,TRUE,reported,VwnQIe,textfile
1.6818808114119e-06,7,96371760,C,T,0.637557796451914,-0.097687121434222,0.0204011505892619,rs1474383,PWY.7209..superpathway.of.pyrimidine.ribonucleosides.degradation,TRUE,reported,VwnQIe,textfile
1.76821723868624e-06,8,97003139,A,G,0.768291316526611,-0.111061529364045,0.0232431074619332,rs261555,PWY.7209..superpathway.of.pyrimidine.ribonucleosides.degradation,TRUE,reported,VwnQIe,textfile
