pval.exposure,chr.exposure,pos.exposure,effect_allele.exposure,other_allele.exposure,eaf.exposure,beta.exposure,se.exposure,SNP,exposure,mr_keep.exposure,pval_origin.exposure,id.exposure,data_source.exposure
4.61612095549418e-06,2,40343367,C,A,0.527949471050558,-0.0958143592247929,0.0209132326775292,rs976260,k__Bacteria.p__Actinobacteria.c__Actinobacteria.o__Coriobacteriales.f__Coriobacteriaceae.g__Collinsella,TRUE,reported,Lwbz9G,textfile
1.81460505689672e-06,20,54747624,T,C,0.214131788637787,-0.104290989111786,0.0218499870979422,rs6099022,k__Bacteria.p__Actinobacteria.c__Actinobacteria.o__Coriobacteriales.f__Coriobacteriaceae.g__Collinsella,TRUE,reported,Lwbz9G,textfile
3.42404119090931e-06,8,128455694,A,T,0.161897419161839,-0.106800412196785,0.0229995275083049,rs7831606,k__Bacteria.p__Actinobacteria.c__Actinobacteria.o__Coriobacteriales.f__Coriobacteriaceae.g__Collinsella,TRUE,reported,Lwbz9G,textfile
4.54817191307528e-06,8,20549398,G,C,0.198506975605776,-0.0977090734574236,0.02131236966711,rs11782083,k__Bacteria.p__Actinobacteria.c__Actinobacteria.o__Coriobacteriales.f__Coriobacteriaceae.g__Collinsella,TRUE,reported,Lwbz9G,textfile
9.34334920647905e-11,9,136146597,T,C,0.251040221914008,0.124063270979177,0.0191538103157654,rs550057,k__Bacteria.p__Actinobacteria.c__Actinobacteria.o__Coriobacteriales.f__Coriobacteriaceae.g__Collinsella,TRUE,reported,Lwbz9G,textfile
