pval.exposure,chr.exposure,pos.exposure,effect_allele.exposure,other_allele.exposure,eaf.exposure,beta.exposure,se.exposure,SNP,exposure,mr_keep.exposure,pval_origin.exposure,id.exposure,data_source.exposure
3.89269675260916e-08,1,1655474,A,G,0.453984729726302,-0.108270447585139,0.0197011108611953,rs142552274,TRPSYN.PWY..L.tryptophan.biosynthesis,TRUE,reported,M6vH46,textfile
6.21108577638885e-08,10,123432188,A,G,0.096151231514599,0.148519918486108,0.0274395854916361,rs2935713,TRPSYN.PWY..L.tryptophan.biosynthesis,TRUE,reported,M6vH46,textfile
4.60027443682562e-06,2,208644421,A,G,0.433643811987925,0.085951675463761,0.0187575784344987,rs55893824,TRPSYN.PWY..L.tryptophan.biosynthesis,TRUE,reported,M6vH46,textfile
4.09381695256148e-06,22,50742611,A,C,0.413384826116734,-0.0770406936830424,0.0167241207783324,rs62241211,TRPSYN.PWY..L.tryptophan.biosynthesis,TRUE,reported,M6vH46,textfile
1.72961023278531e-06,6,94840308,C,A,0.159073383557822,-0.105928396566608,0.0221482680760283,rs1990421,TRPSYN.PWY..L.tryptophan.biosynthesis,TRUE,reported,M6vH46,textfile
1.94730939177541e-06,7,90567086,A,G,0.050475610684118,-0.177216172167787,0.0372395438577282,rs17399145,TRPSYN.PWY..L.tryptophan.biosynthesis,TRUE,reported,M6vH46,textfile
