pval.exposure,chr.exposure,pos.exposure,effect_allele.exposure,other_allele.exposure,eaf.exposure,beta.exposure,se.exposure,SNP,exposure,mr_keep.exposure,pval_origin.exposure,id.exposure,data_source.exposure
4.73973691815651e-06,1,226678563,T,C,0.0871635472370764,-0.274747322079388,0.0600410699101361,rs12028490,PWY.5088..L.glutamate.degradation.VIII..to.propanoate.,TRUE,reported,sKrGE1,textfile
9.27824289072543e-09,16,78318743,T,C,0.0843883689839572,-0.339264900520601,0.0590701736008154,rs9927590,PWY.5088..L.glutamate.degradation.VIII..to.propanoate.,TRUE,reported,sKrGE1,textfile
1.00745108496232e-06,4,189412503,A,G,0.06088123885918,0.346719173183085,0.0709011433020448,rs11732315,PWY.5088..L.glutamate.degradation.VIII..to.propanoate.,TRUE,reported,sKrGE1,textfile
4.83240915731389e-06,6,49482342,A,G,0.368414661319073,-0.161331776261581,0.0352874170746021,rs2127754,PWY.5088..L.glutamate.degradation.VIII..to.propanoate.,TRUE,reported,sKrGE1,textfile
