pval.exposure,chr.exposure,pos.exposure,effect_allele.exposure,other_allele.exposure,eaf.exposure,beta.exposure,se.exposure,SNP,exposure,mr_keep.exposure,pval_origin.exposure,id.exposure,data_source.exposure
5.83678077265e-07,13,81167981,T,C,0.197933042433825,0.102021023112945,0.0204183305272601,rs9545502,ASPASN.PWY..superpathway.of.L.aspartate.and.L.asparagine.biosynthesis,TRUE,reported,ITbohK,textfile
3.61509649889358e-06,18,865459,T,C,0.515201019668658,0.0802031116491535,0.0173136373514167,rs2846765,ASPASN.PWY..superpathway.of.L.aspartate.and.L.asparagine.biosynthesis,TRUE,reported,ITbohK,textfile
4.29386335904982e-06,3,10627561,A,G,0.229169517380492,0.0959472064740796,0.0208733963045871,rs12490065,ASPASN.PWY..superpathway.of.L.aspartate.and.L.asparagine.biosynthesis,TRUE,reported,ITbohK,textfile
2.13803446371984e-06,5,86146362,A,G,0.217885505197168,0.0922388757147214,0.0194600100848894,rs113902391,ASPASN.PWY..superpathway.of.L.aspartate.and.L.asparagine.biosynthesis,TRUE,reported,ITbohK,textfile
2.43197767719942e-08,9,6703997,A,C,0.545733051556111,-0.0946926592566261,0.0169758734418915,rs820496,ASPASN.PWY..superpathway.of.L.aspartate.and.L.asparagine.biosynthesis,TRUE,reported,ITbohK,textfile
