chr.exposure,pos.exposure,effect_allele.exposure,other_allele.exposure,beta.exposure,se.exposure,pval.exposure,SNP,exposure,mr_keep.exposure,pval_origin.exposure,id.exposure,eaf.exposure,data_source.exposure
1,10559598,T,C,0.0116,0.002,1.222e-08,rs585406,CRP,TRUE,reported,x7eVKk,NA,textfile
1,109817192,A,G,-0.0159,0.0024,7.667e-11,rs7528419,CRP,TRUE,reported,x7eVKk,NA,textfile
1,112289983,T,C,0.0123,0.002,1.537e-09,rs197374,CRP,TRUE,reported,x7eVKk,NA,textfile
1,154166537,CG,C,0.0587,0.009,5.691e-11,rs532178645,CRP,TRUE,reported,x7eVKk,NA,textfile
1,154395212,A,C,-0.0849,0.002,1e-200,rs4133213,CRP,TRUE,reported,x7eVKk,NA,textfile
1,1564194,T,C,-0.0153,0.0023,6.417e-11,rs3935032,CRP,TRUE,reported,x7eVKk,NA,textfile
1,159021727,T,C,-0.0813,0.0093,1.71e-18,rs3737523,CRP,TRUE,reported,x7eVKk,NA,textfile
1,159187617,C,G,0.1122,0.0064,1.64e-68,rs79722469,CRP,TRUE,reported,x7eVKk,NA,textfile
1,159226931,T,C,0.0561,0.0086,5.395e-11,rs138182347,CRP,TRUE,reported,x7eVKk,NA,textfile
1,159325014,A,AT,0.0324,0.0051,1.958e-10,rs190627453,CRP,TRUE,reported,x7eVKk,NA,textfile
1,159348669,T,C,0.4223,0.0619,8.978e-12,rs79788661,CRP,TRUE,reported,x7eVKk,NA,textfile
1,159348994,T,C,0.1207,0.0097,9.726e-36,rs141254484,CRP,TRUE,reported,x7eVKk,NA,textfile
1,159419009,T,C,-0.2623,0.0306,1.138e-17,rs112395013,CRP,TRUE,reported,x7eVKk,NA,textfile
1,159429668,T,G,0.1742,0.0249,2.878e-12,rs144759995,CRP,TRUE,reported,x7eVKk,NA,textfile
1,159463662,G,GC,-0.0626,0.0073,1.347e-17,rs113348965,CRP,TRUE,reported,x7eVKk,NA,textfile
1,159466576,CT,C,0.03,0.0027,9.969e-28,rs571249762,CRP,TRUE,reported,x7eVKk,NA,textfile
1,159492945,C,G,0.2078,0.0346,1.938e-09,rs184338965,CRP,TRUE,reported,x7eVKk,NA,textfile
1,159544466,A,C,0.1839,0.0226,4.078e-16,rs181574918,CRP,TRUE,reported,x7eVKk,NA,textfile
1,159587570,A,G,0.2272,0.0345,4.62e-11,rs184691776,CRP,TRUE,reported,x7eVKk,NA,textfile
1,159614561,A,G,-0.0679,0.0022,1e-200,rs1838909,CRP,TRUE,reported,x7eVKk,NA,textfile
1,159701152,A,G,0.2236,0.0097,3.08e-118,rs180689986,CRP,TRUE,reported,x7eVKk,NA,textfile
1,159706168,C,G,-0.1819,0.019,1.248e-21,rs191961433,CRP,TRUE,reported,x7eVKk,NA,textfile
1,159708910,A,G,0.2598,0.0359,4.877e-13,rs144364306,CRP,TRUE,reported,x7eVKk,NA,textfile
1,159716278,A,G,0.0858,0.0099,3.695e-18,rs74798602,CRP,TRUE,reported,x7eVKk,NA,textfile
1,177885762,A,G,0.0154,0.0023,4.82e-11,rs630372,CRP,TRUE,reported,x7eVKk,NA,textfile
1,198442821,A,G,0.0256,0.0033,3.919e-15,rs6686560,CRP,TRUE,reported,x7eVKk,NA,textfile
1,205102726,A,ATTTG,-0.0146,0.0026,3.481e-08,rs61822624,CRP,TRUE,reported,x7eVKk,NA,textfile
1,205216110,A,G,-0.015,0.0022,2.131e-11,rs17417252,CRP,TRUE,reported,x7eVKk,NA,textfile
1,214392881,A,G,-0.016,0.0021,7.246e-14,rs10864088,CRP,TRUE,reported,x7eVKk,NA,textfile
1,21820042,A,G,-0.0182,0.0021,1.705e-17,rs12132412,CRP,TRUE,reported,x7eVKk,NA,textfile
1,221103388,A,G,0.0194,0.0022,4.672e-18,rs11118625,CRP,TRUE,reported,x7eVKk,NA,textfile
1,222061973,T,C,0.0148,0.0021,4.45e-12,rs11577023,CRP,TRUE,reported,x7eVKk,NA,textfile
1,22681214,T,C,-0.0179,0.0025,2.029e-12,rs34761529,CRP,TRUE,reported,x7eVKk,NA,textfile
1,236312326,T,C,-0.0147,0.0021,6.185e-12,rs10924372,CRP,TRUE,reported,x7eVKk,NA,textfile
1,247588053,T,C,-0.0278,0.0031,8.901e-20,rs34298354,CRP,TRUE,reported,x7eVKk,NA,textfile
1,247601595,T,C,-0.0404,0.002,1.34e-87,rs12239046,CRP,TRUE,reported,x7eVKk,NA,textfile
1,247696173,A,G,-0.0201,0.0031,4.684e-11,rs55852476,CRP,TRUE,reported,x7eVKk,NA,textfile
1,27180088,A,C,0.0948,0.0067,3.401e-45,rs75460349,CRP,TRUE,reported,x7eVKk,NA,textfile
1,39937494,A,AT,0.0284,0.0027,5.094e-25,rs201145169,CRP,TRUE,reported,x7eVKk,NA,textfile
1,40035928,T,G,0.0338,0.0025,3.057e-40,rs3768321,CRP,TRUE,reported,x7eVKk,NA,textfile
1,63008827,T,TA,-0.0133,0.0023,1.35e-08,rs78147966,CRP,TRUE,reported,x7eVKk,NA,textfile
1,65225309,T,C,-0.0418,0.0072,7.362e-09,rs184316561,CRP,TRUE,reported,x7eVKk,NA,textfile
1,65283029,A,G,0.0411,0.0043,7.156e-22,rs150428831,CRP,TRUE,reported,x7eVKk,NA,textfile
1,65781901,A,G,-0.0312,0.0037,1.705e-17,rs11208629,CRP,TRUE,reported,x7eVKk,NA,textfile
1,65892888,A,C,0.0722,0.0021,1e-200,rs9436299,CRP,TRUE,reported,x7eVKk,NA,textfile
1,66154330,A,G,-0.0895,0.0076,9.976e-32,rs58846684,CRP,TRUE,reported,x7eVKk,NA,textfile
1,66160183,CAA,C,-0.077,0.0031,3.15e-140,rs541938356,CRP,TRUE,reported,x7eVKk,NA,textfile
1,66218446,A,ATTC,0.0245,0.0034,3.054e-13,rs566192757,CRP,TRUE,reported,x7eVKk,NA,textfile
1,66414002,A,G,-0.0779,0.0098,1.586e-15,rs142020339,CRP,TRUE,reported,x7eVKk,NA,textfile
1,66439492,G,GT,-0.0352,0.0024,4.784e-47,rs554421221,CRP,TRUE,reported,x7eVKk,NA,textfile
1,78623626,T,C,0.0173,0.0031,1.479e-08,rs17391694,CRP,TRUE,reported,x7eVKk,NA,textfile
1,8488565,A,G,-0.0117,0.0021,4.445e-08,rs301798,CRP,TRUE,reported,x7eVKk,NA,textfile
1,91414243,C,G,0.0213,0.0035,7.598e-10,rs78511209,CRP,TRUE,reported,x7eVKk,NA,textfile
1,91530432,A,C,0.0349,0.0025,8.684e-43,rs469882,CRP,TRUE,reported,x7eVKk,NA,textfile
1,91544466,A,ATG,-0.0342,0.0053,1.049e-10,rs188596353,CRP,TRUE,reported,x7eVKk,NA,textfile
1,93716974,T,G,-0.0144,0.002,1.53e-12,rs797680,CRP,TRUE,reported,x7eVKk,NA,textfile
10,133736636,A,G,-0.0133,0.0021,4.955e-10,rs7084062,CRP,TRUE,reported,x7eVKk,NA,textfile
10,21821918,A,T,-0.0144,0.0021,1.639e-11,rs12251016,CRP,TRUE,reported,x7eVKk,NA,textfile
10,30702249,CGT,C,0.0147,0.0024,1.789e-09,rs535192036,CRP,TRUE,reported,x7eVKk,NA,textfile
10,30708441,T,C,-0.0152,0.002,8.354e-14,rs303429,CRP,TRUE,reported,x7eVKk,NA,textfile
10,75554541,C,G,-0.0133,0.002,6.509e-11,rs7908825,CRP,TRUE,reported,x7eVKk,NA,textfile
10,80819132,A,G,0.016,0.002,3.919e-15,rs704017,CRP,TRUE,reported,x7eVKk,NA,textfile
10,91011458,T,C,0.0265,0.0021,2.807e-35,rs1332328,CRP,TRUE,reported,x7eVKk,NA,textfile
10,94809799,A,T,0.015,0.0021,2.289e-12,rs835278,CRP,TRUE,reported,x7eVKk,NA,textfile
11,107243922,A,G,-0.0163,0.0029,1.08e-08,rs113584870,CRP,TRUE,reported,x7eVKk,NA,textfile
11,11820449,A,C,0.0118,0.002,6.836e-09,rs10831676,CRP,TRUE,reported,x7eVKk,NA,textfile
11,119095761,T,G,0.0134,0.0023,1.051e-08,rs11217192,CRP,TRUE,reported,x7eVKk,NA,textfile
11,13361524,T,C,0.0296,0.0021,1.38e-43,rs6486122,CRP,TRUE,reported,x7eVKk,NA,textfile
11,16250183,T,C,-0.0129,0.002,2.372e-10,rs1401454,CRP,TRUE,reported,x7eVKk,NA,textfile
11,27700125,T,C,0.0216,0.0024,9.599e-19,rs7103411,CRP,TRUE,reported,x7eVKk,NA,textfile
11,30361670,A,C,-0.0146,0.0021,8.578e-12,rs1222209,CRP,TRUE,reported,x7eVKk,NA,textfile
11,32956492,T,C,-0.0296,0.0051,6.08e-09,rs62618693,CRP,TRUE,reported,x7eVKk,NA,textfile
11,47245389,T,C,0.0333,0.0027,8.943e-34,rs4647725,CRP,TRUE,reported,x7eVKk,NA,textfile
11,47249919,CG,C,-0.0348,0.0032,2.868e-28,rs550910285,CRP,TRUE,reported,x7eVKk,NA,textfile
11,47550835,G,GGGGACA,0.0162,0.0024,3.362e-11,rs373490234,CRP,TRUE,reported,x7eVKk,NA,textfile
11,47616211,T,TAGTGTGGGG,-0.0592,0.0091,6.438e-11,rs542403933,CRP,TRUE,reported,x7eVKk,NA,textfile
11,47860184,T,TG,0.0277,0.0034,1.66e-16,rs551794237,CRP,TRUE,reported,x7eVKk,NA,textfile
11,48386588,A,ATCTC,-0.0335,0.0039,4.769e-18,rs552777070,CRP,TRUE,reported,x7eVKk,NA,textfile
11,59874475,T,TTTG,-0.0171,0.0023,2.828e-13,rs372219430,CRP,TRUE,reported,x7eVKk,NA,textfile
11,59932024,A,AC,0.0188,0.0023,9.882e-16,rs546511720,CRP,TRUE,reported,x7eVKk,NA,textfile
11,59936926,A,C,0.021,0.002,6.157e-25,rs7933202,CRP,TRUE,reported,x7eVKk,NA,textfile
11,61519986,C,G,-0.0145,0.0021,1.187e-11,rs2956395,CRP,TRUE,reported,x7eVKk,NA,textfile
11,65931919,A,T,-0.0206,0.0026,7.142e-15,rs7127808,CRP,TRUE,reported,x7eVKk,NA,textfile
11,72499035,T,C,-0.0167,0.0021,5.686e-15,rs663015,CRP,TRUE,reported,x7eVKk,NA,textfile
12,100926084,T,C,-0.0588,0.0099,2.619e-09,rs77738620,CRP,TRUE,reported,x7eVKk,NA,textfile
12,103522952,T,C,-0.0201,0.002,5.562e-23,rs4764939,CRP,TRUE,reported,x7eVKk,NA,textfile
12,11791029,T,C,-0.012,0.002,3.79e-09,rs11054402,CRP,TRUE,reported,x7eVKk,NA,textfile
12,120146824,T,C,-0.0421,0.0069,1.195e-09,rs11064880,CRP,TRUE,reported,x7eVKk,NA,textfile
12,120601692,T,C,0.0237,0.002,2.613e-31,rs2240324,CRP,TRUE,reported,x7eVKk,NA,textfile
12,120879278,T,TC,-0.0196,0.0033,1.789e-09,rs536870631,CRP,TRUE,reported,x7eVKk,NA,textfile
12,121094110,T,C,-0.0619,0.002,1e-200,rs569499,CRP,TRUE,reported,x7eVKk,NA,textfile
12,121171039,G,GGGGAGA,-0.0404,0.0064,3.006e-10,rs541442599,CRP,TRUE,reported,x7eVKk,NA,textfile
12,121173809,CGTCCCT,C,0.0576,0.005,7.759e-31,rs560286663,CRP,TRUE,reported,x7eVKk,NA,textfile
12,121173973,T,TG,0.0207,0.0024,2.425e-17,rs181287762,CRP,TRUE,reported,x7eVKk,NA,textfile
12,121236027,G,GT,-0.0382,0.0065,4.561e-09,rs552882684,CRP,TRUE,reported,x7eVKk,NA,textfile
12,121244656,A,AAAAG,0.0481,0.0025,1.201e-79,rs73229131,CRP,TRUE,reported,x7eVKk,NA,textfile
12,121358735,A,C,-0.0824,0.0021,1e-200,rs61946384,CRP,TRUE,reported,x7eVKk,NA,textfile
12,121374370,T,TTC,-0.0839,0.0023,1e-200,rs528451270,CRP,TRUE,reported,x7eVKk,NA,textfile
12,121428483,G,GAGGA,-0.0508,0.0064,2.378e-15,rs574440383,CRP,TRUE,reported,x7eVKk,NA,textfile
12,121566784,CG,C,-0.0347,0.0055,2.764e-10,rs566957895,CRP,TRUE,reported,x7eVKk,NA,textfile
12,121596536,T,TA,0.0353,0.0046,1.311e-14,rs192279541,CRP,TRUE,reported,x7eVKk,NA,textfile
12,121631063,G,GAT,0.0496,0.0085,4.372e-09,rs555308170,CRP,TRUE,reported,x7eVKk,NA,textfile
12,121687015,T,C,0.0291,0.0026,4.132e-28,rs3794204,CRP,TRUE,reported,x7eVKk,NA,textfile
12,121720552,T,TTTTTC,-0.0294,0.0041,5.234e-13,rs183776641,CRP,TRUE,reported,x7eVKk,NA,textfile
12,122467632,T,C,-0.082,0.0141,5.341e-09,rs574020432,CRP,TRUE,reported,x7eVKk,NA,textfile
12,123734055,A,G,0.0246,0.0042,3.79e-09,rs11531106,CRP,TRUE,reported,x7eVKk,NA,textfile
12,21701300,T,C,-0.0172,0.0024,1.936e-12,rs2126886,CRP,TRUE,reported,x7eVKk,NA,textfile
12,24026288,T,C,0.0163,0.003,3.379e-08,rs4963725,CRP,TRUE,reported,x7eVKk,NA,textfile
12,24195042,C,G,-0.0522,0.0054,3.903e-22,rs11047224,CRP,TRUE,reported,x7eVKk,NA,textfile
12,31997635,A,C,0.0212,0.0023,1.388e-19,rs9738365,CRP,TRUE,reported,x7eVKk,NA,textfile
12,46416742,A,G,0.0114,0.002,2.163e-08,rs6582586,CRP,TRUE,reported,x7eVKk,NA,textfile
12,47186260,A,G,0.0224,0.0025,1.363e-18,rs2465585,CRP,TRUE,reported,x7eVKk,NA,textfile
12,56929694,T,C,-0.0233,0.0027,2.332e-17,rs2657896,CRP,TRUE,reported,x7eVKk,NA,textfile
12,63455347,C,G,-0.0129,0.0023,3.613e-08,rs17098829,CRP,TRUE,reported,x7eVKk,NA,textfile
12,6440009,T,C,0.0218,0.002,9.556e-27,rs1800693,CRP,TRUE,reported,x7eVKk,NA,textfile
12,69744014,A,C,0.0294,0.0043,6.185e-12,rs1800973,CRP,TRUE,reported,x7eVKk,NA,textfile
12,90428447,T,C,-0.0149,0.002,2.53e-13,rs4842708,CRP,TRUE,reported,x7eVKk,NA,textfile
12,95856699,A,G,-0.0279,0.002,9.943e-43,rs7302913,CRP,TRUE,reported,x7eVKk,NA,textfile
13,103409119,T,C,-0.015,0.0027,4.853e-08,rs17691879,CRP,TRUE,reported,x7eVKk,NA,textfile
13,110383798,A,G,0.0144,0.0024,3.79e-09,rs11617494,CRP,TRUE,reported,x7eVKk,NA,textfile
13,113927208,T,G,-0.0229,0.0027,8.057e-17,rs9604045,CRP,TRUE,reported,x7eVKk,NA,textfile
13,42573980,A,C,-0.0134,0.002,4.684e-11,rs7993752,CRP,TRUE,reported,x7eVKk,NA,textfile
13,86340082,T,C,0.0142,0.0025,2.421e-08,rs2786178,CRP,TRUE,reported,x7eVKk,NA,textfile
14,21750929,T,C,-0.0142,0.0024,6.2e-09,rs76014628,CRP,TRUE,reported,x7eVKk,NA,textfile
14,24872209,T,C,-0.0179,0.002,1.488e-18,rs6573778,CRP,TRUE,reported,x7eVKk,NA,textfile
14,35621393,A,G,0.0159,0.0027,7.295e-09,rs146424514,CRP,TRUE,reported,x7eVKk,NA,textfile
14,58759280,A,G,-0.0301,0.0046,5.04e-11,rs34864350,CRP,TRUE,reported,x7eVKk,NA,textfile
14,73011885,A,G,-0.0359,0.0021,2.853e-63,rs2239222,CRP,TRUE,reported,x7eVKk,NA,textfile
14,73209388,T,C,0.014,0.0022,4.097e-10,rs56047269,CRP,TRUE,reported,x7eVKk,NA,textfile
14,73366493,A,G,0.0188,0.002,2.642e-20,rs17781691,CRP,TRUE,reported,x7eVKk,NA,textfile
14,73974531,T,C,-0.0118,0.0021,3.41e-08,rs11159021,CRP,TRUE,reported,x7eVKk,NA,textfile
14,94844947,T,C,-0.1003,0.0074,1.674e-41,rs28929474,CRP,TRUE,reported,x7eVKk,NA,textfile
14,96919005,T,C,0.0171,0.0021,1.266e-15,rs55772175,CRP,TRUE,reported,x7eVKk,NA,textfile
15,43360509,CCTAAGTAT,C,-0.0732,0.0087,2.711e-17,rs573555601,CRP,TRUE,reported,x7eVKk,NA,textfile
15,43820717,T,C,0.0692,0.0063,5.789e-28,rs55707100,CRP,TRUE,reported,x7eVKk,NA,textfile
15,43834862,G,GTT,-0.063,0.0088,6.242e-13,rs550340080,CRP,TRUE,reported,x7eVKk,NA,textfile
15,44011204,CAGAG,C,-0.0988,0.0127,8.281e-15,rs145633869,CRP,TRUE,reported,x7eVKk,NA,textfile
15,44520039,A,AT,-0.0309,0.0049,2.568e-10,rs186395822,CRP,TRUE,reported,x7eVKk,NA,textfile
15,53114083,T,C,-0.0287,0.0034,1.319e-17,rs60669734,CRP,TRUE,reported,x7eVKk,NA,textfile
15,53741628,A,G,-0.0182,0.002,3.966e-19,rs4776150,CRP,TRUE,reported,x7eVKk,NA,textfile
15,53761225,CGTT,C,0.0162,0.0029,1.326e-08,rs111857531,CRP,TRUE,reported,x7eVKk,NA,textfile
15,60878030,A,G,0.0339,0.0021,1.292e-56,rs340005,CRP,TRUE,reported,x7eVKk,NA,textfile
15,60897422,CA,C,-0.0274,0.0023,1.262e-31,rs567366712,CRP,TRUE,reported,x7eVKk,NA,textfile
15,63789479,A,G,-0.0156,0.0021,2.959e-13,rs56187480,CRP,TRUE,reported,x7eVKk,NA,textfile
15,78802869,T,C,-0.0121,0.0021,1.52e-08,rs9788721,CRP,TRUE,reported,x7eVKk,NA,textfile
16,1129010,A,C,0.0278,0.0051,4.736e-08,rs4988483,CRP,TRUE,reported,x7eVKk,NA,textfile
16,2169458,A,G,-0.0317,0.0042,3.102e-14,rs4018180,CRP,TRUE,reported,x7eVKk,NA,textfile
16,27325021,A,G,0.0193,0.002,2.589e-21,rs12927172,CRP,TRUE,reported,x7eVKk,NA,textfile
16,28338039,A,G,-0.0151,0.0022,1.569e-11,rs2726033,CRP,TRUE,reported,x7eVKk,NA,textfile
16,29936654,A,G,-0.0115,0.002,1.627e-08,rs12716972,CRP,TRUE,reported,x7eVKk,NA,textfile
16,51067084,T,C,-0.0572,0.0097,3.343e-09,rs141179989,CRP,TRUE,reported,x7eVKk,NA,textfile
16,51205819,T,G,-0.0397,0.0027,2.824e-47,rs728538,CRP,TRUE,reported,x7eVKk,NA,textfile
16,51405303,A,G,0.035,0.0059,3.085e-09,rs66985888,CRP,TRUE,reported,x7eVKk,NA,textfile
16,51436882,A,G,0.1338,0.0044,1e-200,rs17616063,CRP,TRUE,reported,x7eVKk,NA,textfile
16,53798319,A,G,0.0247,0.0021,7.179e-31,rs28429148,CRP,TRUE,reported,x7eVKk,NA,textfile
16,53799278,G,GT,-0.0252,0.0023,5.239e-27,rs572635656,CRP,TRUE,reported,x7eVKk,NA,textfile
16,69565461,T,C,0.0161,0.002,2.645e-15,rs12929503,CRP,TRUE,reported,x7eVKk,NA,textfile
16,83983775,T,C,-0.0137,0.002,1.72e-11,rs12933677,CRP,TRUE,reported,x7eVKk,NA,textfile
16,88528636,A,T,0.0183,0.0022,3.084e-16,rs60037105,CRP,TRUE,reported,x7eVKk,NA,textfile
16,89848559,A,G,0.0114,0.002,2.163e-08,rs6500446,CRP,TRUE,reported,x7eVKk,NA,textfile
17,1322545,A,G,0.0142,0.0021,3.106e-11,rs62089592,CRP,TRUE,reported,x7eVKk,NA,textfile
17,16083684,T,C,0.0158,0.002,8.541e-15,rs178826,CRP,TRUE,reported,x7eVKk,NA,textfile
17,1618363,T,C,0.0187,0.0026,1.616e-12,rs11078597,CRP,TRUE,reported,x7eVKk,NA,textfile
17,36034365,A,G,0.0153,0.0024,3.814e-10,rs1557812,CRP,TRUE,reported,x7eVKk,NA,textfile
17,36073320,A,C,0.0338,0.0032,9.234e-27,rs17138478,CRP,TRUE,reported,x7eVKk,NA,textfile
17,40476363,A,G,-0.0204,0.0025,1.105e-15,rs8072566,CRP,TRUE,reported,x7eVKk,NA,textfile
17,47097381,T,C,-0.015,0.0023,1.498e-10,rs8070176,CRP,TRUE,reported,x7eVKk,NA,textfile
17,57184270,A,AG,0.0163,0.0029,1.08e-08,rs549696298,CRP,TRUE,reported,x7eVKk,NA,textfile
17,57911230,A,G,-0.0209,0.002,1.025e-24,rs1292061,CRP,TRUE,reported,x7eVKk,NA,textfile
17,58012768,CA,C,-0.0183,0.0023,5.505e-15,rs562637481,CRP,TRUE,reported,x7eVKk,NA,textfile
17,64228995,C,G,0.0593,0.0063,5.768e-21,rs149394327,CRP,TRUE,reported,x7eVKk,NA,textfile
17,68258208,T,G,-0.0148,0.0022,3.91e-11,rs992072,CRP,TRUE,reported,x7eVKk,NA,textfile
17,72702914,T,C,0.0281,0.0023,3.563e-33,rs1037170,CRP,TRUE,reported,x7eVKk,NA,textfile
17,73138980,T,TAC,0.0159,0.0025,4.192e-10,rs544016836,CRP,TRUE,reported,x7eVKk,NA,textfile
17,76285388,T,C,-0.0213,0.0035,7.598e-10,rs7217663,CRP,TRUE,reported,x7eVKk,NA,textfile
17,76344918,T,C,0.0274,0.0024,3.508e-29,rs11658216,CRP,TRUE,reported,x7eVKk,NA,textfile
17,76357874,A,G,-0.0334,0.0027,5.735e-34,rs11868378,CRP,TRUE,reported,x7eVKk,NA,textfile
18,12783898,T,C,-0.0237,0.002,2.613e-31,rs2542153,CRP,TRUE,reported,x7eVKk,NA,textfile
18,13737452,C,G,0.0137,0.0021,1.478e-10,rs34866669,CRP,TRUE,reported,x7eVKk,NA,textfile
18,23797853,T,C,0.0125,0.002,8.321e-10,rs2339102,CRP,TRUE,reported,x7eVKk,NA,textfile
18,40776606,A,T,0.0118,0.0021,3.41e-08,rs9965184,CRP,TRUE,reported,x7eVKk,NA,textfile
18,45663787,T,C,0.0141,0.0021,4.262e-11,rs12605964,CRP,TRUE,reported,x7eVKk,NA,textfile
18,55089715,T,C,-0.027,0.0021,1.478e-36,rs55855238,CRP,TRUE,reported,x7eVKk,NA,textfile
18,57851763,A,G,-0.0196,0.0023,5.764e-17,rs10871777,CRP,TRUE,reported,x7eVKk,NA,textfile
19,19379549,T,C,0.0356,0.0039,3.528e-20,rs58542926,CRP,TRUE,reported,x7eVKk,NA,textfile
19,2671100,T,C,-0.015,0.0023,1.498e-10,rs59737437,CRP,TRUE,reported,x7eVKk,NA,textfile
19,35555222,G,GTC,-0.0232,0.0034,5.018e-12,rs554119433,CRP,TRUE,reported,x7eVKk,NA,textfile
19,45269561,T,TA,0.0356,0.0058,8.55e-10,rs539493845,CRP,TRUE,reported,x7eVKk,NA,textfile
19,45270629,A,C,0.0457,0.0076,2.167e-09,rs149929516,CRP,TRUE,reported,x7eVKk,NA,textfile
19,45287103,A,G,-0.0478,0.0068,2.431e-12,rs117326714,CRP,TRUE,reported,x7eVKk,NA,textfile
19,45337918,A,G,-0.2117,0.0057,1e-200,rs147711004,CRP,TRUE,reported,x7eVKk,NA,textfile
19,45372798,T,C,0.0522,0.0056,1.143e-20,rs113793098,CRP,TRUE,reported,x7eVKk,NA,textfile
19,45384931,A,G,-0.2178,0.0101,1.51e-103,rs79701229,CRP,TRUE,reported,x7eVKk,NA,textfile
19,45412079,T,C,0.0908,0.0039,8.44e-122,rs7412,CRP,TRUE,reported,x7eVKk,NA,textfile
19,45412955,A,C,0.2364,0.0066,1e-200,rs1081105,CRP,TRUE,reported,x7eVKk,NA,textfile
19,45443934,T,G,0.0698,0.0061,3.097e-30,rs71352241,CRP,TRUE,reported,x7eVKk,NA,textfile
19,45449166,A,G,0.072,0.0111,8.707e-11,rs12721063,CRP,TRUE,reported,x7eVKk,NA,textfile
19,45622320,T,C,-0.0665,0.0093,7.099e-13,rs150567157,CRP,TRUE,reported,x7eVKk,NA,textfile
19,45679305,A,C,-0.1514,0.0248,1.099e-09,rs140226934,CRP,TRUE,reported,x7eVKk,NA,textfile
19,46055477,G,GT,0.0148,0.0023,2.613e-10,rs574897391,CRP,TRUE,reported,x7eVKk,NA,textfile
19,807442,C,G,-0.0132,0.0022,3.79e-09,rs123698,CRP,TRUE,reported,x7eVKk,NA,textfile
2,102300940,T,C,-0.0147,0.0021,6.185e-12,rs7594775,CRP,TRUE,reported,x7eVKk,NA,textfile
2,102756295,A,G,0.0223,0.0023,1.683e-21,rs2041748,CRP,TRUE,reported,x7eVKk,NA,textfile
2,103082118,A,AT,-0.0209,0.0027,2.897e-14,rs75140551,CRP,TRUE,reported,x7eVKk,NA,textfile
2,113829236,A,T,-0.0169,0.0022,4.523e-14,rs4849147,CRP,TRUE,reported,x7eVKk,NA,textfile
2,113841030,A,G,-0.0449,0.002,9.53e-108,rs6734238,CRP,TRUE,reported,x7eVKk,NA,textfile
2,113978183,A,G,0.033,0.0051,9.025e-11,rs77143791,CRP,TRUE,reported,x7eVKk,NA,textfile
2,169893419,A,G,0.0205,0.002,7.697e-24,rs2161037,CRP,TRUE,reported,x7eVKk,NA,textfile
2,172034785,T,C,0.0136,0.0021,2.007e-10,rs728455,CRP,TRUE,reported,x7eVKk,NA,textfile
2,174847693,T,G,-0.0134,0.002,4.684e-11,rs10497423,CRP,TRUE,reported,x7eVKk,NA,textfile
2,178180703,T,C,0.0169,0.0024,4.638e-12,rs1869358,CRP,TRUE,reported,x7eVKk,NA,textfile
2,203425475,T,C,0.0137,0.0023,4.903e-09,rs6435156,CRP,TRUE,reported,x7eVKk,NA,textfile
2,214033530,A,G,0.021,0.002,6.157e-25,rs1441169,CRP,TRUE,reported,x7eVKk,NA,textfile
2,230734531,A,C,0.0133,0.0021,4.955e-10,rs10498240,CRP,TRUE,reported,x7eVKk,NA,textfile
2,232324510,T,C,-0.0133,0.002,6.509e-11,rs12620844,CRP,TRUE,reported,x7eVKk,NA,textfile
2,242370751,T,G,0.0166,0.0021,8.232e-15,rs59916403,CRP,TRUE,reported,x7eVKk,NA,textfile
2,25130440,A,T,-0.0186,0.002,6.58e-20,rs11689543,CRP,TRUE,reported,x7eVKk,NA,textfile
2,27598097,T,C,0.0741,0.0021,1e-200,rs4665972,CRP,TRUE,reported,x7eVKk,NA,textfile
2,27667520,T,TTTTG,0.0485,0.0023,2.74e-95,rs566835533,CRP,TRUE,reported,x7eVKk,NA,textfile
2,27968838,G,GTCTCTC,0.0513,0.0082,4.955e-10,rs576289005,CRP,TRUE,reported,x7eVKk,NA,textfile
2,28054761,G,GAA,-0.0271,0.0029,1.978e-21,rs548873519,CRP,TRUE,reported,x7eVKk,NA,textfile
2,37059557,C,G,-0.0144,0.002,1.53e-12,rs13021775,CRP,TRUE,reported,x7eVKk,NA,textfile
2,466003,A,G,-0.0315,0.0049,1.151e-10,rs62104180,CRP,TRUE,reported,x7eVKk,NA,textfile
2,59298298,A,C,0.0124,0.002,1.132e-09,rs13416992,CRP,TRUE,reported,x7eVKk,NA,textfile
2,632591,T,C,-0.026,0.0026,9.064e-23,rs13028310,CRP,TRUE,reported,x7eVKk,NA,textfile
2,72500685,C,G,-0.0161,0.0029,1.627e-08,rs56045434,CRP,TRUE,reported,x7eVKk,NA,textfile
2,88428834,T,G,0.0134,0.002,4.684e-11,rs2970901,CRP,TRUE,reported,x7eVKk,NA,textfile
20,25256266,T,G,0.0178,0.002,2.301e-18,rs2260997,CRP,TRUE,reported,x7eVKk,NA,textfile
20,25307375,CAAA,C,0.0157,0.0023,2.021e-11,rs531872994,CRP,TRUE,reported,x7eVKk,NA,textfile
20,25364950,CA,C,0.0164,0.0023,2.498e-12,rs551661377,CRP,TRUE,reported,x7eVKk,NA,textfile
20,39142516,A,G,0.0487,0.006,5.18e-16,rs2207132,CRP,TRUE,reported,x7eVKk,NA,textfile
20,39885010,A,AT,-0.0139,0.0023,2.924e-09,rs538060683,CRP,TRUE,reported,x7eVKk,NA,textfile
20,43042364,T,C,-0.1074,0.0059,6.495e-74,rs1800961,CRP,TRUE,reported,x7eVKk,NA,textfile
20,44615889,T,C,0.0228,0.0036,1.572e-10,rs74616372,CRP,TRUE,reported,x7eVKk,NA,textfile
20,48961353,CGTCAG,C,-0.0182,0.0029,1.723e-10,rs573502526,CRP,TRUE,reported,x7eVKk,NA,textfile
20,57295129,A,G,-0.0129,0.0021,1.605e-09,rs6070563,CRP,TRUE,reported,x7eVKk,NA,textfile
20,62370349,T,C,-0.0208,0.0021,2.283e-22,rs1056441,CRP,TRUE,reported,x7eVKk,NA,textfile
20,62692060,A,C,0.0154,0.002,3.944e-14,rs6090040,CRP,TRUE,reported,x7eVKk,NA,textfile
21,33122575,A,C,-0.0336,0.0049,6.185e-12,rs16988471,CRP,TRUE,reported,x7eVKk,NA,textfile
21,40465066,A,C,-0.0344,0.0022,3.139e-53,rs4817984,CRP,TRUE,reported,x7eVKk,NA,textfile
21,46494995,T,C,0.0122,0.0021,1.156e-08,rs9977825,CRP,TRUE,reported,x7eVKk,NA,textfile
22,38599364,A,G,-0.0132,0.002,9.025e-11,rs4821764,CRP,TRUE,reported,x7eVKk,NA,textfile
22,38903814,G,GA,-0.0234,0.0025,3.811e-20,rs200976949,CRP,TRUE,reported,x7eVKk,NA,textfile
22,39096602,T,C,0.0313,0.0021,1.578e-48,rs6519133,CRP,TRUE,reported,x7eVKk,NA,textfile
22,41339367,C,G,-0.0158,0.002,8.541e-15,rs9611441,CRP,TRUE,reported,x7eVKk,NA,textfile
3,119529113,T,G,-0.0235,0.0042,1.806e-08,rs3732356,CRP,TRUE,reported,x7eVKk,NA,textfile
3,135932359,T,C,-0.0249,0.0024,2.193e-24,rs687339,CRP,TRUE,reported,x7eVKk,NA,textfile
3,136421012,T,TGTG,0.0154,0.0023,4.82e-11,rs574377035,CRP,TRUE,reported,x7eVKk,NA,textfile
3,156915895,A,G,0.0133,0.0022,2.889e-09,rs1969066,CRP,TRUE,reported,x7eVKk,NA,textfile
3,170695426,A,G,0.0196,0.0022,2.126e-18,rs1905505,CRP,TRUE,reported,x7eVKk,NA,textfile
3,176869498,A,C,0.0134,0.0021,3.674e-10,rs6443429,CRP,TRUE,reported,x7eVKk,NA,textfile
3,18758501,A,T,-0.0131,0.0022,4.961e-09,rs6775319,CRP,TRUE,reported,x7eVKk,NA,textfile
3,24520283,A,G,0.0185,0.0022,1.465e-16,rs6792725,CRP,TRUE,reported,x7eVKk,NA,textfile
3,25363163,A,G,0.0113,0.002,2.867e-08,rs11711864,CRP,TRUE,reported,x7eVKk,NA,textfile
3,35670150,A,G,0.0121,0.0021,1.52e-08,rs1470560,CRP,TRUE,reported,x7eVKk,NA,textfile
3,4769176,A,C,0.0175,0.0027,1.94e-10,rs2054872,CRP,TRUE,reported,x7eVKk,NA,textfile
3,49305140,A,T,0.0123,0.0021,8.777e-09,rs58936320,CRP,TRUE,reported,x7eVKk,NA,textfile
3,49941436,A,G,0.0222,0.002,1.124e-27,rs2280406,CRP,TRUE,reported,x7eVKk,NA,textfile
3,71632266,A,G,0.0129,0.0022,8.452e-09,rs6801781,CRP,TRUE,reported,x7eVKk,NA,textfile
3,94075026,A,C,-0.0128,0.002,3.258e-10,rs13066686,CRP,TRUE,reported,x7eVKk,NA,textfile
3,9480906,T,C,-0.0173,0.0024,1.442e-12,rs2596937,CRP,TRUE,reported,x7eVKk,NA,textfile
3,9497885,G,GT,0.0206,0.0035,2.667e-09,rs536032056,CRP,TRUE,reported,x7eVKk,NA,textfile
4,103401723,A,G,0.0127,0.0021,2.852e-09,rs141936164,CRP,TRUE,reported,x7eVKk,NA,textfile
4,148981496,C,G,-0.0138,0.0023,3.79e-09,rs10027275,CRP,TRUE,reported,x7eVKk,NA,textfile
4,18459828,T,C,0.0137,0.0021,1.478e-10,rs994596,CRP,TRUE,reported,x7eVKk,NA,textfile
4,3447156,T,C,0.0167,0.0024,8.236e-12,rs4690098,CRP,TRUE,reported,x7eVKk,NA,textfile
4,38210173,T,C,0.0126,0.0022,1.852e-08,rs4832754,CRP,TRUE,reported,x7eVKk,NA,textfile
4,45121873,A,T,-0.0166,0.0021,8.232e-15,rs7662792,CRP,TRUE,reported,x7eVKk,NA,textfile
4,55277208,A,G,0.0119,0.0021,2.611e-08,rs11729772,CRP,TRUE,reported,x7eVKk,NA,textfile
4,89043634,C,G,-0.019,0.0033,5.485e-09,rs45499402,CRP,TRUE,reported,x7eVKk,NA,textfile
5,107348180,T,G,0.0148,0.0026,2.259e-08,rs288183,CRP,TRUE,reported,x7eVKk,NA,textfile
5,124139761,C,G,-0.0155,0.0026,4.76e-09,rs6595549,CRP,TRUE,reported,x7eVKk,NA,textfile
5,131777234,A,G,-0.0148,0.0025,6.08e-09,rs11242113,CRP,TRUE,reported,x7eVKk,NA,textfile
5,132291148,T,C,-0.0166,0.0027,1.554e-09,rs72799497,CRP,TRUE,reported,x7eVKk,NA,textfile
5,150435480,C,G,-0.0151,0.0022,1.569e-11,rs3805433,CRP,TRUE,reported,x7eVKk,NA,textfile
5,156738540,A,G,-0.0313,0.0044,8.715e-13,rs2289852,CRP,TRUE,reported,x7eVKk,NA,textfile
5,170516570,T,C,-0.0143,0.0023,1.017e-09,rs2608101,CRP,TRUE,reported,x7eVKk,NA,textfile
5,172176886,T,C,-0.0191,0.002,6.604e-21,rs2161374,CRP,TRUE,reported,x7eVKk,NA,textfile
5,52080909,T,C,0.0483,0.0052,1.38e-20,rs77704739,CRP,TRUE,reported,x7eVKk,NA,textfile
5,56194768,T,C,-0.0188,0.0029,4.262e-11,rs166169,CRP,TRUE,reported,x7eVKk,NA,textfile
5,72979436,A,G,0.0158,0.0022,1.74e-12,rs750344,CRP,TRUE,reported,x7eVKk,NA,textfile
5,78570219,T,G,0.0184,0.0021,7.576e-18,rs6453434,CRP,TRUE,reported,x7eVKk,NA,textfile
5,92611208,T,C,-0.0375,0.0068,3.856e-08,rs56821385,CRP,TRUE,reported,x7eVKk,NA,textfile
6,111904528,T,C,0.0135,0.0024,3.299e-08,rs174373,CRP,TRUE,reported,x7eVKk,NA,textfile
6,116327936,T,C,0.018,0.002,9.599e-19,rs4354188,CRP,TRUE,reported,x7eVKk,NA,textfile
6,126836447,A,AT,-0.0271,0.0023,5.665e-31,rs75807007,CRP,TRUE,reported,x7eVKk,NA,textfile
6,126851160,T,C,-0.0279,0.002,9.943e-43,rs1490384,CRP,TRUE,reported,x7eVKk,NA,textfile
6,138000487,CA,C,-0.0187,0.0024,1.965e-14,rs138796120,CRP,TRUE,reported,x7eVKk,NA,textfile
6,138006504,A,G,0.0219,0.0024,3.175e-19,rs6920220,CRP,TRUE,reported,x7eVKk,NA,textfile
6,153365834,C,G,0.0163,0.0022,3.41e-13,rs1338071,CRP,TRUE,reported,x7eVKk,NA,textfile
6,166329862,T,C,0.0112,0.002,3.793e-08,rs991946,CRP,TRUE,reported,x7eVKk,NA,textfile
6,18492350,T,G,0.0268,0.0047,1.051e-08,rs5017416,CRP,TRUE,reported,x7eVKk,NA,textfile
6,35054185,A,G,0.0152,0.0026,9.355e-09,rs13216424,CRP,TRUE,reported,x7eVKk,NA,textfile
6,41671677,A,G,-0.0179,0.0021,5.666e-17,rs4714508,CRP,TRUE,reported,x7eVKk,NA,textfile
6,7112819,A,G,-0.0149,0.0021,3.195e-12,rs6925389,CRP,TRUE,reported,x7eVKk,NA,textfile
6,88367635,A,G,-0.0221,0.0038,4.449e-09,rs2307377,CRP,TRUE,reported,x7eVKk,NA,textfile
6,98411631,A,G,-0.015,0.002,1.753e-13,rs6905544,CRP,TRUE,reported,x7eVKk,NA,textfile
7,101806613,T,TA,0.0138,0.0024,1.627e-08,rs548159631,CRP,TRUE,reported,x7eVKk,NA,textfile
7,101831484,T,TA,-0.0147,0.0024,1.789e-09,rs563593218,CRP,TRUE,reported,x7eVKk,NA,textfile
7,101843716,A,G,0.0144,0.0021,1.639e-11,rs113184201,CRP,TRUE,reported,x7eVKk,NA,textfile
7,1028448,T,C,-0.0224,0.0025,1.363e-18,rs3808348,CRP,TRUE,reported,x7eVKk,NA,textfile
7,105658927,T,C,-0.0157,0.0026,3.013e-09,rs114947103,CRP,TRUE,reported,x7eVKk,NA,textfile
7,115906373,T,C,-0.0124,0.0022,3.095e-08,rs1918912,CRP,TRUE,reported,x7eVKk,NA,textfile
7,128573994,T,C,-0.0128,0.0022,1.1e-08,rs7801838,CRP,TRUE,reported,x7eVKk,NA,textfile
7,150294632,A,T,0.0212,0.0024,4.1e-18,rs35462231,CRP,TRUE,reported,x7eVKk,NA,textfile
7,150855952,A,G,-0.0414,0.0071,6.287e-09,rs73476799,CRP,TRUE,reported,x7eVKk,NA,textfile
7,22759469,A,G,0.0252,0.002,3.544e-35,rs1880241,CRP,TRUE,reported,x7eVKk,NA,textfile
7,22833400,T,C,-0.027,0.0024,2.202e-28,rs12673996,CRP,TRUE,reported,x7eVKk,NA,textfile
7,22876582,A,T,0.0292,0.0045,7.118e-11,rs79941637,CRP,TRUE,reported,x7eVKk,NA,textfile
7,36085142,T,C,-0.0236,0.0021,2.508e-28,rs2700938,CRP,TRUE,reported,x7eVKk,NA,textfile
7,36104868,G,GTC,0.0182,0.0033,2.321e-08,rs573580913,CRP,TRUE,reported,x7eVKk,NA,textfile
7,36178374,A,G,-0.02,0.0033,8.321e-10,rs62451586,CRP,TRUE,reported,x7eVKk,NA,textfile
7,6418378,T,C,-0.0141,0.0023,1.731e-09,rs17196595,CRP,TRUE,reported,x7eVKk,NA,textfile
7,72893403,A,G,0.0372,0.0031,4.016e-34,rs35695283,CRP,TRUE,reported,x7eVKk,NA,textfile
7,74073590,A,G,0.0186,0.0026,2.119e-12,rs73137144,CRP,TRUE,reported,x7eVKk,NA,textfile
7,74286069,G,GGTTT,-0.0175,0.003,3.085e-09,rs187502438,CRP,TRUE,reported,x7eVKk,NA,textfile
7,99181096,A,G,-0.0273,0.0029,1.006e-21,rs11772470,CRP,TRUE,reported,x7eVKk,NA,textfile
8,103688381,A,G,0.0151,0.0021,1.637e-12,rs10106298,CRP,TRUE,reported,x7eVKk,NA,textfile
8,116974302,T,C,0.0286,0.002,8.234e-45,rs10095930,CRP,TRUE,reported,x7eVKk,NA,textfile
8,126352397,T,C,0.0204,0.002,1.266e-23,rs13261587,CRP,TRUE,reported,x7eVKk,NA,textfile
8,126506694,A,G,-0.0202,0.0021,3.463e-21,rs112875651,CRP,TRUE,reported,x7eVKk,NA,textfile
8,129174624,A,G,-0.0135,0.0024,3.299e-08,rs34820057,CRP,TRUE,reported,x7eVKk,NA,textfile
8,144643169,T,C,-0.0244,0.0025,9.143e-22,rs1545536,CRP,TRUE,reported,x7eVKk,NA,textfile
8,22452357,T,G,0.0123,0.0021,8.777e-09,rs11782130,CRP,TRUE,reported,x7eVKk,NA,textfile
8,73434705,T,C,-0.0135,0.0022,1.67e-09,rs6992315,CRP,TRUE,reported,x7eVKk,NA,textfile
8,8669681,CGTAA,C,-0.0144,0.0023,7.78e-10,rs555149467,CRP,TRUE,reported,x7eVKk,NA,textfile
8,9173209,A,G,0.0499,0.002,1.29e-132,rs7012637,CRP,TRUE,reported,x7eVKk,NA,textfile
8,9230202,A,AT,-0.0299,0.0052,8.496e-09,rs181225278,CRP,TRUE,reported,x7eVKk,NA,textfile
8,9239958,C,G,-0.0368,0.0035,2.144e-26,rs11786900,CRP,TRUE,reported,x7eVKk,NA,textfile
8,9673967,CA,C,0.024,0.0031,3.919e-15,rs565127569,CRP,TRUE,reported,x7eVKk,NA,textfile
8,9692106,A,AT,0.0219,0.003,1.196e-13,rs556203359,CRP,TRUE,reported,x7eVKk,NA,textfile
8,9720815,CA,C,-0.022,0.0029,1.189e-14,rs4840454,CRP,TRUE,reported,x7eVKk,NA,textfile
9,102281383,A,G,-0.0172,0.0021,8.654e-16,rs10760691,CRP,TRUE,reported,x7eVKk,NA,textfile
9,104109206,A,C,-0.0198,0.0027,5.903e-13,rs1935237,CRP,TRUE,reported,x7eVKk,NA,textfile
9,136149229,T,C,-0.0239,0.0021,5.212e-29,rs505922,CRP,TRUE,reported,x7eVKk,NA,textfile
9,139281847,T,C,-0.0203,0.002,2.079e-23,rs78428995,CRP,TRUE,reported,x7eVKk,NA,textfile
9,139337681,G,GAC,-0.0168,0.0023,7.271e-13,rs571125019,CRP,TRUE,reported,x7eVKk,NA,textfile
9,14442595,C,G,-0.012,0.0021,1.994e-08,rs424539,CRP,TRUE,reported,x7eVKk,NA,textfile
9,15852777,T,G,0.0137,0.0024,2.063e-08,rs13294945,CRP,TRUE,reported,x7eVKk,NA,textfile
9,29717279,A,C,-0.0112,0.002,3.793e-08,rs10969334,CRP,TRUE,reported,x7eVKk,NA,textfile
9,71069835,A,C,0.0344,0.006,1.024e-08,rs10868852,CRP,TRUE,reported,x7eVKk,NA,textfile
9,92202495,T,C,-0.0177,0.002,3.55e-18,rs10797119,CRP,TRUE,reported,x7eVKk,NA,textfile
