id.exposure,id.outcome,outcome,exposure,method,nsnp,b,se,pval,egger_intercept.ple,se.ple,pval.ple,Q.het,Q_df.het,Q_pval.het,IV_list
It0E9E,OqPmeu,interleukin-18,k__Bacteria.p__Actinobacteria.c__Actinobacteria.o__Coriobacteriales.f__Coriobacteriaceae,MR Egger,6,-0.506466033513239,0.617809455228075,0.458379619598317,0.0462149488755107,0.0598935063027664,0.483394235911233,10.9190505005773,5,0.053008807168423,rs11652058; rs28806584; rs2907732; rs4234207; rs550057; rs78362376
It0E9E,OqPmeu,interleukin-18,k__Bacteria.p__Actinobacteria.c__Actinobacteria.o__Coriobacteriales.f__Coriobacteriaceae,Inverse variance weighted,6,-0.035781686961741,0.0938991444115915,0.70315494244257,NA,NA,NA,NA,NA,NA,rs11652058; rs28806584; rs2907732; rs4234207; rs550057; rs78362376
It0E9E,OqPmeu,interleukin-18,k__Bacteria.p__Actinobacteria.c__Actinobacteria.o__Coriobacteriales.f__Coriobacteriaceae,Weighted median,6,0.0407668345894236,0.0865421456784703,0.637595483795466,NA,NA,NA,NA,NA,NA,rs11652058; rs28806584; rs2907732; rs4234207; rs550057; rs78362376
It0E9E,OqPmeu,interleukin-18,k__Bacteria.p__Actinobacteria.c__Actinobacteria.o__Coriobacteriales.f__Coriobacteriaceae,MR-PRESSO,6,-0.035781686961741,0.0938991444115915,0.718809416872203,NA,NA,NA,NA,NA,NA,rs11652058; rs28806584; rs2907732; rs4234207; rs550057; rs78362376
