id.exposure,id.outcome,outcome,exposure,method,nsnp,b,se,pval,egger_intercept.ple,se.ple,pval.ple,Q.het,Q_df.het,Q_pval.het,IV_list
mMXFep,hE3blg,interleukin-18,k__Bacteria.p__Actinobacteria.c__Actinobacteria.o__Coriobacteriales,MR Egger,6,-0.506570117083457,0.618237107099659,0.458582470181265,0.0462280106133079,0.0599377628858348,0.483580784551211,10.9192881432307,5,0.0530039550642858,rs11652058; rs28806584; rs2907732; rs4234207; rs550057; rs78362376
mMXFep,hE3blg,interleukin-18,k__Bacteria.p__Actinobacteria.c__Actinobacteria.o__Coriobacteriales,Inverse variance weighted,6,-0.0357666074658835,0.0938957829597498,0.703263987990004,NA,NA,NA,NA,NA,NA,rs11652058; rs28806584; rs2907732; rs4234207; rs550057; rs78362376
mMXFep,hE3blg,interleukin-18,k__Bacteria.p__Actinobacteria.c__Actinobacteria.o__Coriobacteriales,Weighted median,6,0.0408137057781776,0.0907198287912382,0.652791650196523,NA,NA,NA,NA,NA,NA,rs11652058; rs28806584; rs2907732; rs4234207; rs550057; rs78362376
mMXFep,hE3blg,interleukin-18,k__Bacteria.p__Actinobacteria.c__Actinobacteria.o__Coriobacteriales,MR-PRESSO,6,-0.0357666074658835,0.0938957829597498,0.718911808954577,NA,NA,NA,NA,NA,NA,rs11652058; rs28806584; rs2907732; rs4234207; rs550057; rs78362376
