id.exposure,id.outcome,outcome,exposure,method,nsnp,b,se,pval,egger_intercept.ple,se.ple,pval.ple,Q.het,Q_df.het,Q_pval.het,IV_list
ch8Ngg,1XxFAC,TRAIL,LACTOSECAT.PWY..lactose.and.galactose.degradation.I,MR Egger,8,-0.223795890280203,0.186039669914462,0.274306373931163,0.0131949955944634,0.0267359581312464,0.639180982781528,3.51461241465772,7,0.833675336882414,rs118184992; rs17034687; rs191667368; rs4960590; rs507666; rs7147611; rs80205307; rs9982657
ch8Ngg,1XxFAC,TRAIL,LACTOSECAT.PWY..lactose.and.galactose.degradation.I,Inverse variance weighted,8,-0.135784836303895,0.053002548686915,0.0104114821930835,NA,NA,NA,NA,NA,NA,rs118184992; rs17034687; rs191667368; rs4960590; rs507666; rs7147611; rs80205307; rs9982657
ch8Ngg,1XxFAC,TRAIL,LACTOSECAT.PWY..lactose.and.galactose.degradation.I,Weighted median,8,-0.158399824639418,0.069291098435269,0.0222539431177984,NA,NA,NA,NA,NA,NA,rs118184992; rs17034687; rs191667368; rs4960590; rs507666; rs7147611; rs80205307; rs9982657
ch8Ngg,1XxFAC,TRAIL,LACTOSECAT.PWY..lactose.and.galactose.degradation.I,MR-PRESSO,8,-0.139480225870659,0.0337454328197206,0.00328347780052188,NA,NA,NA,NA,NA,NA,rs118184992; rs17034687; rs191667368; rs4960590; rs507666; rs7147611; rs80205307; rs9982657
