id.exposure,id.outcome,outcome,exposure,method,nsnp,b,se,pval,egger_intercept.ple,se.ple,pval.ple,Q.het,Q_df.het,Q_pval.het,IV_list
mMXFep,PI3O8D,EarlyAMD,k__Bacteria.p__Actinobacteria.c__Actinobacteria.o__Coriobacteriales,MR Egger,6,-0.402966696820088,0.510357672312484,0.473945323563302,0.0480012492356427,0.0510982755730524,0.400716529362994,1.57365513315593,5,0.904416717457573,rs11652058; rs28806584; rs2907732; rs4234207; rs550057; rs78362376
mMXFep,PI3O8D,EarlyAMD,k__Bacteria.p__Actinobacteria.c__Actinobacteria.o__Coriobacteriales,Inverse variance weighted,6,0.0707432000062077,0.0785695368278607,0.367912911644087,NA,NA,NA,NA,NA,NA,rs11652058; rs28806584; rs2907732; rs4234207; rs550057; rs78362376
mMXFep,PI3O8D,EarlyAMD,k__Bacteria.p__Actinobacteria.c__Actinobacteria.o__Coriobacteriales,Weighted median,6,0.11562352276571,0.0940141066847793,0.218752190437173,NA,NA,NA,NA,NA,NA,rs11652058; rs28806584; rs2907732; rs4234207; rs550057; rs78362376
mMXFep,PI3O8D,EarlyAMD,k__Bacteria.p__Actinobacteria.c__Actinobacteria.o__Coriobacteriales,MR-PRESSO,6,0.0707432000062077,0.0440782122829734,0.169412060014432,NA,NA,NA,NA,NA,NA,rs11652058; rs28806584; rs2907732; rs4234207; rs550057; rs78362376
