id.exposure,id.outcome,outcome,exposure,method,nsnp,b,se,pval,egger_intercept.ple,se.ple,pval.ple,Q.het,Q_df.het,Q_pval.het,IV_list
It0E9E,1mPTP7,EarlyAMD,k__Bacteria.p__Actinobacteria.c__Actinobacteria.o__Coriobacteriales.f__Coriobacteriaceae,MR Egger,6,-0.402523541535508,0.510011666558758,0.474119352327447,0.0479556912148332,0.0510623042156326,0.400821537726257,1.57374836629206,5,0.904405574056739,rs11652058; rs28806584; rs2907732; rs4234207; rs550057; rs78362376
It0E9E,1mPTP7,EarlyAMD,k__Bacteria.p__Actinobacteria.c__Actinobacteria.o__Coriobacteriales.f__Coriobacteriaceae,Inverse variance weighted,6,0.0707409723510244,0.0785715808414401,0.367940455887697,NA,NA,NA,NA,NA,NA,rs11652058; rs28806584; rs2907732; rs4234207; rs550057; rs78362376
It0E9E,1mPTP7,EarlyAMD,k__Bacteria.p__Actinobacteria.c__Actinobacteria.o__Coriobacteriales.f__Coriobacteriaceae,Weighted median,6,0.115597357655786,0.0931403536274756,0.214565380140975,NA,NA,NA,NA,NA,NA,rs11652058; rs28806584; rs2907732; rs4234207; rs550057; rs78362376
It0E9E,1mPTP7,EarlyAMD,k__Bacteria.p__Actinobacteria.c__Actinobacteria.o__Coriobacteriales.f__Coriobacteriaceae,MR-PRESSO,6,0.0707409723510244,0.0440806647414685,0.169442581967356,NA,NA,NA,NA,NA,NA,rs11652058; rs28806584; rs2907732; rs4234207; rs550057; rs78362376
