chr.exposure,pos.exposure,effect_allele.exposure,other_allele.exposure,beta.exposure,se.exposure,eaf.exposure,pval.exposure,samplesize.exposure,SNP,exposure,mr_keep.exposure,pval_origin.exposure,id.exposure,data_source.exposure
1,154426970,A,C,-0.1684,0.0119,0.6128,1.83e-45,14742,rs2228145,Interleukin-6,TRUE,reported,byLOyg,textfile
1,16479930,T,C,0.7376,0.1559,0.0045,2.23e-06,8829,rs74899738,Interleukin-6,TRUE,reported,byLOyg,textfile
10,54406791,T,C,0.8213,0.1701,0.0038,1.38e-06,7843,rs145729365,Interleukin-6,TRUE,reported,byLOyg,textfile
10,79656931,T,C,-0.2313,0.0484,0.9602,1.76e-06,9830,rs554155854,Interleukin-6,TRUE,reported,byLOyg,textfile
11,88050833,T,C,0.4712,0.1005,0.9924,2.75e-06,8721,rs75218713,Interleukin-6,TRUE,reported,byLOyg,textfile
14,34557444,T,C,0.2439,0.052,0.9854,2.73e-06,13951,rs143960503,Interleukin-6,TRUE,reported,byLOyg,textfile
14,77078350,A,T,0.1165,0.0244,0.118,1.8e-06,10893,rs1642826,Interleukin-6,TRUE,reported,byLOyg,textfile
14,81783136,A,G,0.8071,0.1635,0.0034,7.96e-07,7843,rs574007638,Interleukin-6,TRUE,reported,byLOyg,textfile
15,43083287,A,G,0.9081,0.1974,0.0051,4.22e-06,6260,rs181777524,Interleukin-6,TRUE,reported,byLOyg,textfile
16,6641467,A,T,0.3429,0.0743,0.9888,3.93e-06,10857,rs145466485,Interleukin-6,TRUE,reported,byLOyg,textfile
2,113871806,T,G,0.0975,0.0211,0.9152,3.82e-06,14739,rs17486819,Interleukin-6,TRUE,reported,byLOyg,textfile
5,141146747,T,G,-0.0671,0.0143,0.2276,2.7e-06,14295,rs248536,Interleukin-6,TRUE,reported,byLOyg,textfile
6,32609094,T,C,0.067,0.0131,0.291,3.15e-07,14294,rs550717566,Interleukin-6,TRUE,reported,byLOyg,textfile
7,28486167,T,C,0.0582,0.0127,0.6371,4.59e-06,14295,rs10234370,Interleukin-6,TRUE,reported,byLOyg,textfile
7,76792340,T,C,-0.2244,0.0469,0.0182,1.71e-06,14726,rs187416244,Interleukin-6,TRUE,reported,byLOyg,textfile
8,21260780,A,G,-0.0659,0.0135,0.7459,1.05e-06,14295,rs1346147,Interleukin-6,TRUE,reported,byLOyg,textfile
