id.exposure,id.outcome,outcome,exposure,method,nsnp,b,se,pval,egger_intercept.ple,se.ple,pval.ple,Q.het,Q_df.het,Q_pval.het,IV_list
ch8Ngg,vjnQzQ,Interleukin-15_ISL,LACTOSECAT.PWY..lactose.and.galactose.degradation.I,MR Egger,7,0.239626221521153,0.605261090203227,0.708504071262431,-0.0632975342255016,0.0845403047245435,0.487727023337244,29.4428063771405,6,5.01512799124987e-05,rs17034687; rs191667368; rs4960590; rs507666; rs7147611; rs80205307; rs9982657
ch8Ngg,vjnQzQ,Interleukin-15_ISL,LACTOSECAT.PWY..lactose.and.galactose.degradation.I,Inverse variance weighted,7,-0.19223616017663,0.176587047985057,0.276321573359119,NA,NA,NA,NA,NA,NA,rs17034687; rs191667368; rs4960590; rs507666; rs7147611; rs80205307; rs9982657
ch8Ngg,vjnQzQ,Interleukin-15_ISL,LACTOSECAT.PWY..lactose.and.galactose.degradation.I,Weighted median,7,-0.17457361988322,0.128860593096353,0.17549788608554,NA,NA,NA,NA,NA,NA,rs17034687; rs191667368; rs4960590; rs507666; rs7147611; rs80205307; rs9982657
ch8Ngg,vjnQzQ,Interleukin-15_ISL,LACTOSECAT.PWY..lactose.and.galactose.degradation.I,MR-PRESSO,5,-0.191403509512444,0.154701725294138,0.255888459997481,NA,NA,NA,NA,NA,NA,rs17034687; rs191667368; rs507666; rs80205307; rs9982657
